price_text,title,location,location_info,description,details_url,contact_info,search_url,scraped_at
"507 000 ‚Ç¨991 605,81 –ª–≤.–ù–µ —Å–µ –Ω–∞—á–∏—Å–ª—è–≤–∞ –î–î–°",–ü—Ä–æ–¥–∞–≤–∞  –ú–µ–∑–æ–Ω–µ—Ç,"–≥—Ä–∞–¥ –°–æ—Ñ–∏—è, –õ–æ–∑–µ–Ω–µ—Ü","–≥—Ä–∞–¥ –°–æ—Ñ–∏—è, –õ–æ–∑–µ–Ω–µ—Ü
195 –∫–≤.–º","3-—Ç–∏ –µ—Ç., –ê–ù–ò-–ë–û –ù–µ–¥–≤–∏–∂–∏–º–∏ –∏–º–æ—Ç–∏ –ø—Ä–æ–¥–∞–≤–∞ –µ–∫—Å–∫–ª—É–∑–∏–≤–Ω–æ –ø—Ä–æ—Å—Ç–æ—Ä–µ–Ω –º–µ–∑–æ–Ω–µ—Ç, —Å —É–Ω–∏–∫–∞–ª–Ω–∏ –ø–∞–Ω–æ—Ä–∞–º–∏ –∫—ä–º –í–∏—Ç–æ—à–∞ –∏ –°–æ—Ñ–∏—è ...",https://www.imoti.com/obiava/42090850/prodava-mezonet-grad-sofiya-lozenets,0876148808,https://www.imoti.com/prodazhbi/grad-sofiya/mezoneti?sraion=86~4~14~15~6101~146~147~21~22~23~32~120~57~132~60~72~80~81~85~,2026-01-21T18:15:27.336423
"293 000 ‚Ç¨573 058,19 –ª–≤.–¶–µ–Ω–∞—Ç–∞ –µ —Å –≤–∫–ª—é—á–µ–Ω–æ –î–î–°",–ü—Ä–æ–¥–∞–≤–∞  –ú–µ–∑–æ–Ω–µ—Ç,"–≥—Ä–∞–¥ –°–æ—Ñ–∏—è, –ë–µ–ª–∏—Ç–µ –±—Ä–µ–∑–∏","–≥—Ä–∞–¥ –°–æ—Ñ–∏—è, –ë–µ–ª–∏—Ç–µ –±—Ä–µ–∑–∏
120 –∫–≤.–º","4-—Ç–∏ –µ—Ç., –¢–ï–¶, Galiano Estates  –∏–º–∞ —É–¥–æ–≤–æ–ª—Å—Ç–≤–∏–µ—Ç–æ –¥–∞ –í–∏ –ø—Ä–µ–¥—Å—Ç–∞–≤–∏ –≥–æ–ª—è–º —Ç—Ä–∏—Å—Ç–∞–µ–Ω –º–µ–∑–æ–Ω–µ—Ç –∑–∞ –ø—Ä–æ–¥–∞–∂–±–∞. –ò–º–æ—Ç—ä—Ç —Å–µ –Ω–∞–º ...",https://www.imoti.com/obiava/74631027/prodava-mezonet-grad-sofiya-belite-brezi,0895988170,https://www.imoti.com/prodazhbi/grad-sofiya/mezoneti?sraion=86~4~14~15~6101~146~147~21~22~23~32~120~57~132~60~72~80~81~85~,2026-01-21T18:15:27.336775
"299 000 ‚Ç¨584 793,17 –ª–≤.–ù–µ —Å–µ –Ω–∞—á–∏—Å–ª—è–≤–∞ –î–î–°",–ü—Ä–æ–¥–∞–≤–∞  –ú–µ–∑–æ–Ω–µ—Ç,"–≥—Ä–∞–¥ –°–æ—Ñ–∏—è, –ë–µ–ª–∏—Ç–µ –±—Ä–µ–∑–∏","–≥—Ä–∞–¥ –°–æ—Ñ–∏—è, –ë–µ–ª–∏—Ç–µ –±—Ä–µ–∑–∏
100 –∫–≤.–º","7-–º–∏ –µ—Ç., –†–µ—Ñ.   022603–ê–≥–µ–Ω—Ü–∏—è –∑–∞ –Ω–µ–¥–≤–∏–∂–∏–º–∏ –∏–º–æ—Ç–∏ BAS Properties –ø—Ä–µ–¥–ª–∞–≥–∞ –∑–∞ –ø—Ä–æ–¥–∞–∂–±–∞ —Å–≤–µ—Ç—ä–ª –∏ –ø—Ä–æ—Å—Ç–æ—Ä–µ–Ω –º–µ–∑–æ–Ω ...",https://www.imoti.com/obiava/12864598/prodava-mezonet-grad-sofiya-belite-brezi,0899 818 212,https://www.imoti.com/prodazhbi/grad-sofiya/mezoneti?sraion=86~4~14~15~6101~146~147~21~22~23~32~120~57~132~60~72~80~81~85~,2026-01-21T18:15:27.337133
300 000 ‚Ç¨586 749 –ª–≤.–ù–µ —Å–µ –Ω–∞—á–∏—Å–ª—è–≤–∞ –î–î–°,–ü—Ä–æ–¥–∞–≤–∞  –ú–µ–∑–æ–Ω–µ—Ç,"–≥—Ä–∞–¥ –°–æ—Ñ–∏—è, –ë–µ–ª–∏—Ç–µ –±—Ä–µ–∑–∏","–≥—Ä–∞–¥ –°–æ—Ñ–∏—è, –ë–µ–ª–∏—Ç–µ –±—Ä–µ–∑–∏
100 –∫–≤.–º","5-—Ç–∏ –µ—Ç., –ü—Ä–æ–¥–∞–≤–∞ —Å–µ –º–µ–∑–æ–Ω–µ—Ç —Å —Ç—Ä–∏ —Å–ø–∞–ª–Ω–∏ –≤ –∫–≤. –ë–µ–ª–∏ –ë—Ä–µ–∑–∏, –°–æ—Ñ–∏—è   –Ω–∞ —Ç—Ä–∏ –º–∏–Ω—É—Ç–∏ –æ—Ç –º.–ö—Ä–∞—Å–Ω–æ —Å–µ–ª–æ.–ü–ª–æ—â: 100 –∫ ...",https://www.imoti.com/obiava/90663084/prodava-mezonet-grad-sofiya-belite-brezi,0896166717,https://www.imoti.com/prodazhbi/grad-sofiya/mezoneti?sraion=86~4~14~15~6101~146~147~21~22~23~32~120~57~132~60~72~80~81~85~,2026-01-21T18:15:27.337473
400 000 ‚Ç¨782 332 –ª–≤.–ù–µ —Å–µ –Ω–∞—á–∏—Å–ª—è–≤–∞ –î–î–°,–ü—Ä–æ–¥–∞–≤–∞  –ú–µ–∑–æ–Ω–µ—Ç,"–≥—Ä–∞–¥ –°–æ—Ñ–∏—è, –ë–µ–ª–∏—Ç–µ –±—Ä–µ–∑–∏","–≥—Ä–∞–¥ –°–æ—Ñ–∏—è, –ë–µ–ª–∏—Ç–µ –±—Ä–µ–∑–∏
213 –∫–≤.–º","6-—Ç–∏ –µ—Ç., –ú–µ–∑–æ–Ω–µ—Ç –≤ —Ç—É—Ö–ª–µ–Ω –±–ª–æ–∫ –¥–æ –º–µ—Ç—Ä–æ—Å—Ç–∞–Ω—Ü–∏—è –ö–†–ê–°–ù–û –°–ï–õ–û. –ê–ø–∞—Ä—Ç–∞–º–µ–Ω—Ç—ä—Ç –µ —Å—ä—Å —Å–ª–µ–¥–Ω–æ—Ç–æ —Ä–∞–∑–ø—Ä–µ–¥–µ–ª–µ–Ω–∏–µ: –ü—ä—Ä–≤–æ  ...",https://www.imoti.com/obiava/41382355/prodava-mezonet-grad-sofiya-belite-brezi,0889888014,https://www.imoti.com/prodazhbi/grad-sofiya/mezoneti?sraion=86~4~14~15~6101~146~147~21~22~23~32~120~57~132~60~72~80~81~85~,2026-01-21T18:15:27.337813
"429 898 ‚Ç¨840 807,41 –ª–≤.–ù–µ —Å–µ –Ω–∞—á–∏—Å–ª—è–≤–∞ –î–î–°",–ü—Ä–æ–¥–∞–≤–∞  –ú–µ–∑–æ–Ω–µ—Ç,"–≥—Ä–∞–¥ –°–æ—Ñ–∏—è, –ë–µ–ª–∏—Ç–µ –±—Ä–µ–∑–∏","–≥—Ä–∞–¥ –°–æ—Ñ–∏—è, –ë–µ–ª–∏—Ç–µ –±—Ä–µ–∑–∏
130 –∫–≤.–º","5-—Ç–∏ –µ—Ç., –¢–ï–¶, –ï–ö–°–ö–õ–£–ó–ò–í–ù–ê –û–§–ï–†–¢–ê!!! 'PETRA Estates 15' –ø—Ä–æ–¥–∞–≤–∞ –ï–ö–°–ö–õ–£–ó–ò–í–ù–û –ø—Ä–æ—Å—Ç–æ—Ä–µ–Ω, —Ç–æ–ø—ä–ª –∏ —Å–≤–µ—Ç—ä–ª –∞–ø–∞—Ä—Ç–∞–º–µ–Ω—Ç -  ...",https://www.imoti.com/obiava/67968464/prodava-mezonet-grad-sofiya-belite-brezi,0877971670,https://www.imoti.com/prodazhbi/grad-sofiya/mezoneti?sraion=86~4~14~15~6101~146~147~21~22~23~32~120~57~132~60~72~80~81~85~,2026-01-21T18:15:27.338186
"430 000 ‚Ç¨841 006,90 –ª–≤.–ù–µ —Å–µ –Ω–∞—á–∏—Å–ª—è–≤–∞ –î–î–°",–ü—Ä–æ–¥–∞–≤–∞  –ú–µ–∑–æ–Ω–µ—Ç,"–≥—Ä–∞–¥ –°–æ—Ñ–∏—è, –ë–µ–ª–∏—Ç–µ –±—Ä–µ–∑–∏","–≥—Ä–∞–¥ –°–æ—Ñ–∏—è, –ë–µ–ª–∏—Ç–µ –±—Ä–µ–∑–∏
150 –∫–≤.–º","7-–º–∏ –µ—Ç., –ò–Ω–∂—Ç–∞–ª–∞–Ω—Ç –í–∏,  –ø—Ä–µ–¥–ª–∞–≥–∞ –º–µ–∑–æ–Ω–µ—Ç –Ω–∞ –¥–≤–µ –Ω–∏–≤–∞ –∏ –≥–æ–ª—è–º–∞ –ø–æ–∫—Ä–∏–≤–Ω–∞ —Ç–µ—Ä–∞—Å–∞ –Ω–∞ –ø–æ—Å–ª–µ–¥–Ω–∏—è –µ—Ç–∞–∂.–ú–µ–∑–æ–Ω–µ—Ç—ä—Ç –µ —Ä ...",https://www.imoti.com/obiava/39963122/prodava-mezonet-grad-sofiya-belite-brezi,0878283673,https://www.imoti.com/prodazhbi/grad-sofiya/mezoneti?sraion=86~4~14~15~6101~146~147~21~22~23~32~120~57~132~60~72~80~81~85~,2026-01-21T18:15:27.338527
"520 000 ‚Ç¨1 017 031,60 –ª–≤.–ù–µ —Å–µ –Ω–∞—á–∏—Å–ª—è–≤–∞ –î–î–°",–ü—Ä–æ–¥–∞–≤–∞  –ú–µ–∑–æ–Ω–µ—Ç,"–≥—Ä–∞–¥ –°–æ—Ñ–∏—è, –ë–µ–ª–∏—Ç–µ –±—Ä–µ–∑–∏","–≥—Ä–∞–¥ –°–æ—Ñ–∏—è, –ë–µ–ª–∏—Ç–µ –±—Ä–µ–∑–∏
220 –∫–≤.–º","5-—Ç–∏ –µ—Ç., Sofia In /www.sofiain.com/ –ø—Ä–µ–¥—Å—Ç–∞–≤—è –Ω–∞ –í–∞—à–µ—Ç–æ –≤–Ω–∏–º–∞–Ω–∏–µ:–ú–µ–∑–æ–Ω–µ—Ç –Ω–∞ 5-—Ç–∏ –∏ 6-—Ç–∏ –µ—Ç–∞–∂ –≤ —Å–µ–¥–µ–º –µ—Ç–∞–∂–Ω–∞ —Ç ...",https://www.imoti.com/obiava/41171824/prodava-mezonet-grad-sofiya-belite-brezi,0882679633,https://www.imoti.com/prodazhbi/grad-sofiya/mezoneti?sraion=86~4~14~15~6101~146~147~21~22~23~32~120~57~132~60~72~80~81~85~,2026-01-21T18:15:27.338877
"520 000 ‚Ç¨1 017 031,60 –ª–≤.–ù–µ —Å–µ –Ω–∞—á–∏—Å–ª—è–≤–∞ –î–î–°",–ü—Ä–æ–¥–∞–≤–∞  –ú–µ–∑–æ–Ω–µ—Ç,"–≥—Ä–∞–¥ –°–æ—Ñ–∏—è, –ë–µ–ª–∏—Ç–µ –±—Ä–µ–∑–∏","–≥—Ä–∞–¥ –°–æ—Ñ–∏—è, –ë–µ–ª–∏—Ç–µ –±—Ä–µ–∑–∏
200 –∫–≤.–º","5-—Ç–∏ –µ—Ç., –ß—É–¥–µ—Å–Ω–æ –º—è—Å—Ç–æ –≤ –±–ª–∏–∑–æ—Å—Ç –¥–æ –ø–ª.–†—É—á–µ–π!–¢–∏—Ö–∞ —É–ª–∏—Ü–∞ –Ω–∞ –∫–æ–º—É–Ω–∏–∫–∞—Ç–∏–≤–Ω–æ –º—è—Å—Ç–æ –≤ –±–ª–∏–∑–æ—Å—Ç –¥–æ –º–µ—Ç—Ä–æ, —Ç—Ä–æ–ª–µ–π–±—É—Å–∏ ...",https://www.imoti.com/obiava/50188705/prodava-mezonet-grad-sofiya-belite-brezi,0898672696,https://www.imoti.com/prodazhbi/grad-sofiya/mezoneti?sraion=86~4~14~15~6101~146~147~21~22~23~32~120~57~132~60~72~80~81~85~,2026-01-21T18:15:27.339219
"599 900 ‚Ç¨1 173 302,42 –ª–≤.–¶–µ–Ω–∞—Ç–∞ –µ —Å –≤–∫–ª—é—á–µ–Ω–æ –î–î–°",–ü—Ä–æ–¥–∞–≤–∞  –ú–µ–∑–æ–Ω–µ—Ç,"–≥—Ä–∞–¥ –°–æ—Ñ–∏—è, –ë–µ–ª–∏—Ç–µ –±—Ä–µ–∑–∏","–≥—Ä–∞–¥ –°–æ—Ñ–∏—è, –ë–µ–ª–∏—Ç–µ –±—Ä–µ–∑–∏
245 –∫–≤.–º","8-–º–∏ –µ—Ç., –¢–ï–¶, –ë–∏–ª–¥–∏–Ω–≥ –ë–æ–∫—Å –ø—Ä–µ–¥–ª–∞–≥–∞ –∑–∞ –ø—Ä–æ–¥–∞–∂–±–∞ –∞–ø–∞—Ä—Ç–∞–º–µ–Ω—Ç –≤ –µ–¥–∏–Ω –æ—Ç –Ω–∞–π-–ø—Ä–µ–¥–ø–æ—á–∏—Ç–∞–Ω–∏—Ç–µ –∫–æ–º—É–Ω–∏–∫–∞—Ç–∏—á–Ω–∏ –∏ —Å—ä—â–µ–≤—Ä–µ–º–µ–Ω ...",https://www.imoti.com/obiava/65528882/prodava-mezonet-grad-sofiya-belite-brezi,0879900994,https://www.imoti.com/prodazhbi/grad-sofiya/mezoneti?sraion=86~4~14~15~6101~146~147~21~22~23~32~120~57~132~60~72~80~81~85~,2026-01-21T18:15:27.339560
"264 000 ‚Ç¨516 339,12 –ª–≤.–ù–µ —Å–µ –Ω–∞—á–∏—Å–ª—è–≤–∞ –î–î–°",–ü—Ä–æ–¥–∞–≤–∞  –ú–µ–∑–æ–Ω–µ—Ç,"–≥—Ä–∞–¥ –°–æ—Ñ–∏—è, –ë–æ—Ä–æ–≤–æ","–≥—Ä–∞–¥ –°–æ—Ñ–∏—è, –ë–æ—Ä–æ–≤–æ
120 –∫–≤.–º","6-—Ç–∏ –µ—Ç., –ü—Ä–µ–¥–ª–∞–≥–∞–º–µ –í–∏ –ø—Ä–æ—Å—Ç–æ—Ä–µ–Ω, —Ç—Ä–∏—Å—Ç–∞–µ–Ω –º–µ–∑–æ–Ω–µ—Ç –∑–∞ –ø—Ä–æ–¥–∞–∂–±–∞ –≤ –Ω–æ–≤–∞, –±—É—Ç–∏–∫–æ–≤–∞ —Å–≥—Ä–∞–¥–∞ —Å –ê–ö–¢ 16. –ú–µ–∑–æ–Ω–µ—Ç—ä—Ç –µ  ...",https://www.imoti.com/obiava/40717222/prodava-mezonet-grad-sofiya-borovo,0898888459,https://www.imoti.com/prodazhbi/grad-sofiya/mezoneti?sraion=86~4~14~15~6101~146~147~21~22~23~32~120~57~132~60~72~80~81~85~,2026-01-21T18:15:27.339935
"275 000 ‚Ç¨537 853,25 –ª–≤.–¶–µ–Ω–∞—Ç–∞ –µ —Å –≤–∫–ª—é—á–µ–Ω–æ –î–î–°",–ü—Ä–æ–¥–∞–≤–∞  –ú–µ–∑–æ–Ω–µ—Ç,"–≥—Ä–∞–¥ –°–æ—Ñ–∏—è, –ë–æ—Ä–æ–≤–æ","–≥—Ä–∞–¥ –°–æ—Ñ–∏—è, –ë–æ—Ä–æ–≤–æ
123 –∫–≤.–º","6-—Ç–∏ –µ—Ç., –ê–ö–¢ 16!–ò–†–ò–î–ê –ù–ï–î–í–ò–ñ–ò–ú–ò –ò–ú–û–¢–ò –í–∏ –ø—Ä–µ–¥–ª–∞–≥–∞ –∑–∞ –ø—Ä–æ–¥–∞–∂–±–∞  –º–µ–∑–æ–Ω–µ—Ç,  –≤ –Ω–æ–≤–∞ —Å–≥—Ä–∞–¥–∞ –≤ –∫–≤. –ë–æ—Ä–æ–≤–æ! –ê–ø–∞—Ä—Ç–∞–º–µ ...",https://www.imoti.com/obiava/51067744/prodava-mezonet-grad-sofiya-borovo,0878332245,https://www.imoti.com/prodazhbi/grad-sofiya/mezoneti?sraion=86~4~14~15~6101~146~147~21~22~23~32~120~57~132~60~72~80~81~85~,2026-01-21T18:15:27.340292
300 000 ‚Ç¨586 749 –ª–≤.–¶–µ–Ω–∞—Ç–∞ –µ —Å –≤–∫–ª—é—á–µ–Ω–æ –î–î–°,–ü—Ä–æ–¥–∞–≤–∞  –ú–µ–∑–æ–Ω–µ—Ç,"–≥—Ä–∞–¥ –°–æ—Ñ–∏—è, –ë–æ—Ä–æ–≤–æ","–≥—Ä–∞–¥ –°–æ—Ñ–∏—è, –ë–æ—Ä–æ–≤–æ
151 –∫–≤.–º","5-—Ç–∏ –µ—Ç., –°–ì–†–ê–î–ê –° –ê–ö–¢ 16!'–ü–ê–†–ê–î–ê–ô–° –•–û–£–ú–°' –í–∏ –ø—Ä–µ–¥—Å—Ç–∞–≤—è  —Ç—Ä–∏—Å—Ç–∞–µ–Ω –∞–ø–∞—Ä—Ç–∞–º–µ–Ω—Ç, —Ç–∏–ø –º–µ–∑–æ–Ω–µ—Ç /–Ω–∞ –¥–≤–µ –Ω–∏–≤–∞/ , –Ω–∞—Ö–æ ...",https://www.imoti.com/obiava/36344702/prodava-mezonet-grad-sofiya-borovo,0886 139 821,https://www.imoti.com/prodazhbi/grad-sofiya/mezoneti?sraion=86~4~14~15~6101~146~147~21~22~23~32~120~57~132~60~72~80~81~85~,2026-01-21T18:15:27.340634
"335 000 ‚Ç¨655 203,05 –ª–≤.–¶–µ–Ω–∞—Ç–∞ –µ —Å –≤–∫–ª—é—á–µ–Ω–æ –î–î–°",–ü—Ä–æ–¥–∞–≤–∞  –ú–µ–∑–æ–Ω–µ—Ç,"–≥—Ä–∞–¥ –°–æ—Ñ–∏—è, –ë–æ—Ä–æ–≤–æ","–≥—Ä–∞–¥ –°–æ—Ñ–∏—è, –ë–æ—Ä–æ–≤–æ
120 –∫–≤.–º","12-—Ç–∏ –µ—Ç., –¢–ï–¶, Galardo Real Estate –ø—Ä–µ–¥—Å—Ç–∞–≤—è –Ω–∞ –í–∞—à–µ—Ç–æ –≤–Ω–∏–º–∞–Ω–∏–µ –ø—Ä–æ—Å—Ç–æ—Ä–µ–Ω –º–µ–∑–æ–Ω–µ—Ç –Ω–∞ –±—É–ª.  –ë—ä–ª–≥–∞—Ä–∏—è , —Ä–∞–∑–ø–æ–ª–æ–∂–µ–Ω –Ω–∞ ...",https://www.imoti.com/obiava/79267462/prodava-mezonet-grad-sofiya-borovo,028212121,https://www.imoti.com/prodazhbi/grad-sofiya/mezoneti?sraion=86~4~14~15~6101~146~147~21~22~23~32~120~57~132~60~72~80~81~85~,2026-01-21T18:15:27.340990
"340 000 ‚Ç¨664 982,20 –ª–≤.–¶–µ–Ω–∞—Ç–∞ –µ —Å –≤–∫–ª—é—á–µ–Ω–æ –î–î–°",–ü—Ä–æ–¥–∞–≤–∞  –ú–µ–∑–æ–Ω–µ—Ç,"–≥—Ä–∞–¥ –°–æ—Ñ–∏—è, –ë–æ—Ä–æ–≤–æ","–≥—Ä–∞–¥ –°–æ—Ñ–∏—è, –ë–æ—Ä–æ–≤–æ
171 –∫–≤.–º","7-–º–∏ –µ—Ç., –¢–ï–¶, –°–ò–¢–ò –•–û–£–ú –ë–†–û–ö–ï–†–°  –ø—Ä–µ–¥–ª–∞–≥–∞ –µ–∫—Å–∫–ª—É–∑–∏–≤–Ω–æ –Ω–∞ —Å–≤–æ–∏—Ç–µ –∫–ª–∏–µ–Ω—Ç–∏ –µ–¥–∏–Ω –∏–∑–∫–ª—é—á–∏—Ç–µ–ª–Ω–æ –∞—Ç—Ä–∞–∫—Ç–∏–≤–µ–Ω –∞–ø–∞—Ä—Ç–∞–º–µ–Ω—Ç –≤  ...",https://www.imoti.com/obiava/98507154/prodava-mezonet-grad-sofiya-borovo,0876552821,https://www.imoti.com/prodazhbi/grad-sofiya/mezoneti?sraion=86~4~14~15~6101~146~147~21~22~23~32~120~57~132~60~72~80~81~85~,2026-01-21T18:15:27.341331
"346 000 ‚Ç¨676 717,18 –ª–≤.–¶–µ–Ω–∞—Ç–∞ –µ —Å –≤–∫–ª—é—á–µ–Ω–æ –î–î–°",–ü—Ä–æ–¥–∞–≤–∞  –ú–µ–∑–æ–Ω–µ—Ç,"–≥—Ä–∞–¥ –°–æ—Ñ–∏—è, –ë–æ—Ä–æ–≤–æ","–≥—Ä–∞–¥ –°–æ—Ñ–∏—è, –ë–æ—Ä–æ–≤–æ
157 –∫–≤.–º","6-—Ç–∏ –µ—Ç., –ê–ö–¢ 16!–ò–†–ò–î–ê –ù–ï–î–í–ò–ñ–ò–ú–ò –ò–ú–û–¢–ò –í–∏ –ø—Ä–µ–¥–ª–∞–≥–∞ –∑–∞ –ø—Ä–æ–¥–∞–∂–±–∞  –º–µ–∑–æ–Ω–µ—Ç,  –≤ –Ω–æ–≤–∞ —Å–≥—Ä–∞–¥–∞ –≤ –∫–≤. –ë–æ—Ä–æ–≤–æ ! –ê–ø–∞—Ä—Ç–∞–º ...",https://www.imoti.com/obiava/50879224/prodava-mezonet-grad-sofiya-borovo,0878332245,https://www.imoti.com/prodazhbi/grad-sofiya/mezoneti?sraion=86~4~14~15~6101~146~147~21~22~23~32~120~57~132~60~72~80~81~85~,2026-01-21T18:15:27.341669
"449 990 ‚Ç¨880 103,94 –ª–≤.–ù–µ —Å–µ –Ω–∞—á–∏—Å–ª—è–≤–∞ –î–î–°",–ü—Ä–æ–¥–∞–≤–∞  –ú–µ–∑–æ–Ω–µ—Ç,"–≥—Ä–∞–¥ –°–æ—Ñ–∏—è, –ë–æ—Ä–æ–≤–æ","–≥—Ä–∞–¥ –°–æ—Ñ–∏—è, –ë–æ—Ä–æ–≤–æ
250 –∫–≤.–º","2-—Ä–∏ –µ—Ç., –¢–ï–¶, 360 - –æ–±–∏–∫–æ–ª–∫–∞! –û–≥—Ä–æ–º–µ–Ω –∏–º–æ—Ç –Ω–∞ 3 –Ω–∏–≤–∞! –ú–∞–≥–∞–∑–∏–Ω/–û—Ñ–∏—Å/–õ–µ–∫–∞—Ä—Å–∫–∏ –∫–∞–±–∏–Ω–µ—Ç/–î–µ–Ω—Ç–∞–ª–µ–Ω —Ü–µ–Ω—Ç—ä—Ä/–ó–∞–Ω–∏–º–∞–ª–Ω—è! –¢—É—Ö ...",https://www.imoti.com/obiava/57518763/prodava-mezonet-grad-sofiya-borovo,0879900430,https://www.imoti.com/prodazhbi/grad-sofiya/mezoneti?sraion=86~4~14~15~6101~146~147~21~22~23~32~120~57~132~60~72~80~81~85~,2026-01-21T18:15:27.342043
"950 000 ‚Ç¨1 858 038,50 –ª–≤.–ù–µ —Å–µ –Ω–∞—á–∏—Å–ª—è–≤–∞ –î–î–°",–ü—Ä–æ–¥–∞–≤–∞  –ú–µ–∑–æ–Ω–µ—Ç,"–≥—Ä–∞–¥ –°–æ—Ñ–∏—è, –ë–æ—Ä–æ–≤–æ","–≥—Ä–∞–¥ –°–æ—Ñ–∏—è, –ë–æ—Ä–æ–≤–æ
456 –∫–≤.–º","7-–º–∏ –µ—Ç., –¢–ï–¶, –ú–ù–û–ì–û–°–¢–ê–ï–ù! –û–ë–ó–ê–í–ï–î–ï–ù! –î–í–ê –ì–ê–†–ê–ñ–ê!–ü—Ä–µ–¥–ª–∞–≥–∞–º–µ —É–Ω–∏–∫–∞–ª–µ–Ω –∏ –ø—Ä–æ—Å—Ç–æ—Ä–µ–Ω –º–Ω–æ–≥–æ—Å—Ç–∞–µ–Ω –º–µ–∑–æ–Ω–µ—Ç —Å –æ–±—â–∞ –∑–∞—Å—Ç—Ä–æ–µ–Ω ...",https://www.imoti.com/obiava/21403016/prodava-mezonet-grad-sofiya-borovo,0875363320,https://www.imoti.com/prodazhbi/grad-sofiya/mezoneti?sraion=86~4~14~15~6101~146~147~21~22~23~32~120~57~132~60~72~80~81~85~,2026-01-21T18:15:27.342381
"330 000 ‚Ç¨645 423,90 –ª–≤.–ù–µ —Å–µ –Ω–∞—á–∏—Å–ª—è–≤–∞ –î–î–°",–ü—Ä–æ–¥–∞–≤–∞  –ú–µ–∑–æ–Ω–µ—Ç,"–≥—Ä–∞–¥ –°–æ—Ñ–∏—è, –ì–æ—Ü–µ –î–µ–ª—á–µ–≤","–≥—Ä–∞–¥ –°–æ—Ñ–∏—è, –ì–æ—Ü–µ –î–µ–ª—á–µ–≤
130 –∫–≤.–º","12-—Ç–∏ –µ—Ç., –¢–ï–¶, –•–æ—É–º–ª–∞–π—Ç –∏–º–∞ —É–¥–æ–≤–æ–ª—Å—Ç–≤–∏–µ—Ç–æ –¥–∞ –≤–∏ –ø—Ä–µ–¥—Å—Ç–∞–≤–∏ –≤–ø–µ—á–∞—Ç–ª—è–≤–∞—â, –ª—É–∫—Å–æ–∑–µ–Ω –∏ –∏–∑–∫–ª—é—á–∏—Ç–µ–ª–Ω–æ –ø—Ä–æ—Å—Ç–æ—Ä–µ–Ω –º–µ–∑–æ–Ω–µ—Ç, —Ä ...",https://www.imoti.com/obiava/49606938/prodava-mezonet-grad-sofiya-gotse-delchev,0893211311,https://www.imoti.com/prodazhbi/grad-sofiya/mezoneti?sraion=86~4~14~15~6101~146~147~21~22~23~32~120~57~132~60~72~80~81~85~,2026-01-21T18:15:27.342723
"340 000 ‚Ç¨664 982,20 –ª–≤.–ù–µ —Å–µ –Ω–∞—á–∏—Å–ª—è–≤–∞ –î–î–°",–ü—Ä–æ–¥–∞–≤–∞  –ú–µ–∑–æ–Ω–µ—Ç,"–≥—Ä–∞–¥ –°–æ—Ñ–∏—è, –ì–æ—Ü–µ –î–µ–ª—á–µ–≤","–≥—Ä–∞–¥ –°–æ—Ñ–∏—è, –ì–æ—Ü–µ –î–µ–ª—á–µ–≤
200 –∫–≤.–º","–ü—Ä–æ–¥–∞–≤–∞ —Å–µ –£–ù–ò–ö–ê–õ–ï–ù –ø—Ä–æ—Å—Ç–æ—Ä–µ–Ω –∞–ø–∞—Ä—Ç–∞–º–µ–Ω—Ç —Ç–∏–ø –º–µ–∑–æ–Ω–µ—Ç, –∫–æ–π—Ç–æ —Å—ä—á–µ—Ç–∞–≤–∞ –≤–ø–µ—á–∞—Ç–ª—è–≤–∞—â–æ –≤—ä—Ç—Ä–µ—à–Ω–æ –ø—Ä–æ—Å—Ç—Ä–∞–Ω—Å ...",https://www.imoti.com/obiava/75588566/prodava-mezonet-grad-sofiya-gotse-delchev,0888927150,https://www.imoti.com/prodazhbi/grad-sofiya/mezoneti?sraion=86~4~14~15~6101~146~147~21~22~23~32~120~57~132~60~72~80~81~85~,2026-01-21T18:15:27.343078
"350 000 ‚Ç¨684 540,50 –ª–≤.–¶–µ–Ω–∞—Ç–∞ –µ —Å –≤–∫–ª—é—á–µ–Ω–æ –î–î–°",–ü—Ä–æ–¥–∞–≤–∞  –ú–µ–∑–æ–Ω–µ—Ç,"–≥—Ä–∞–¥ –°–æ—Ñ–∏—è, –ì–æ—Ü–µ –î–µ–ª—á–µ–≤","–≥—Ä–∞–¥ –°–æ—Ñ–∏—è, –ì–æ—Ü–µ –î–µ–ª—á–µ–≤
116 –∫–≤.–º","1-–≤–∏ –µ—Ç., –¢–ï–¶, –ë–µ–∑ –∞–Ω–∞–ª–æ–≥ –≤ —Ä–∞–π–æ–Ω–∞!!! –ú–µ–∑–æ–Ω–µ—Ç 116 –∫–≤. —á–∏—Å—Ç–∞ –ø–ª–æ—â –±–µ–∑ –æ–±—â–∏ —á–∞—Å—Ç–∏ —Å —É—Å–µ—â–∞–Ω–µ –∑–∞ –∫—ä—â–∞ –Ω–∞ –ø—ä—Ä–≤–∏ –∏ –≤—Ç–æ—Ä–∏  ...",https://www.imoti.com/obiava/93663870/prodava-mezonet-grad-sofiya-gotse-delchev,0888971959,https://www.imoti.com/prodazhbi/grad-sofiya/mezoneti?sraion=86~4~14~15~6101~146~147~21~22~23~32~120~57~132~60~72~80~81~85~,2026-01-21T18:15:29.147210
"495 000 ‚Ç¨968 135,85 –ª–≤.–ù–µ —Å–µ –Ω–∞—á–∏—Å–ª—è–≤–∞ –î–î–°",–ü—Ä–æ–¥–∞–≤–∞  –ú–µ–∑–æ–Ω–µ—Ç,"–≥—Ä–∞–¥ –°–æ—Ñ–∏—è, –ì–æ—Ü–µ –î–µ–ª—á–µ–≤","–≥—Ä–∞–¥ –°–æ—Ñ–∏—è, –ì–æ—Ü–µ –î–µ–ª—á–µ–≤
182 –∫–≤.–º","10-—Ç–∏ –µ—Ç., –¢–ï–¶, –ê–≥–µ–Ω—Ü–∏—è SUPRIMMO: www.suprimmo.bg–ï–∫—Å–∫–ª—É–∑–∏–≤–Ω–æ –ø—Ä–µ–¥—Å—Ç–∞–≤—è–º–µ –º–µ–∑–æ–Ω–µ—Ç, —Ä–∞–∑–¥–µ–ª–µ–Ω –Ω–∞ –¥–≤–∞ —Å–∞–º–æ—Å—Ç–æ—è—Ç–µ–ª–Ω–∏ –∞–ø–∞—Ä ...",https://www.imoti.com/obiava/48596283/prodava-mezonet-grad-sofiya-gotse-delchev,0988170870,https://www.imoti.com/prodazhbi/grad-sofiya/mezoneti?sraion=86~4~14~15~6101~146~147~21~22~23~32~120~57~132~60~72~80~81~85~,2026-01-21T18:15:29.147567
"519 000 ‚Ç¨1 015 075,77 –ª–≤.–ù–µ —Å–µ –Ω–∞—á–∏—Å–ª—è–≤–∞ –î–î–°",–ü—Ä–æ–¥–∞–≤–∞  –ú–µ–∑–æ–Ω–µ—Ç,"–≥—Ä–∞–¥ –°–æ—Ñ–∏—è, –ì–æ—Ü–µ –î–µ–ª—á–µ–≤","–≥—Ä–∞–¥ –°–æ—Ñ–∏—è, –ì–æ—Ü–µ –î–µ–ª—á–µ–≤
206 –∫–≤.–º","5-—Ç–∏ –µ—Ç., –ü—Ä–æ–¥–∞–≤–∞ —Å–µ –ø—Ä–æ—Å—Ç–æ—Ä–µ–Ω –º–µ–∑–æ–Ω–µ—Ç –¥–æ –Æ–∂–µ–Ω –ø–∞—Ä–∫–ü—Ä–µ–¥–ª–∞–≥–∞–º–µ –∑–∞ –ø—Ä–æ–¥–∞–∂–±–∞ —Å–≤–µ—Ç—ä–ª –∏ –ø—Ä–æ—Å—Ç–æ—Ä–µ–Ω –º–µ–∑–æ–Ω–µ—Ç, —Ä–∞–∑–ø–æ–ª–æ–∂ ...",https://www.imoti.com/obiava/54167365/prodava-mezonet-grad-sofiya-gotse-delchev,0896100806,https://www.imoti.com/prodazhbi/grad-sofiya/mezoneti?sraion=86~4~14~15~6101~146~147~21~22~23~32~120~57~132~60~72~80~81~85~,2026-01-21T18:15:29.147924
"540 000 ‚Ç¨1 056 148,20 –ª–≤.–ù–µ —Å–µ –Ω–∞—á–∏—Å–ª—è–≤–∞ –î–î–°",–ü—Ä–æ–¥–∞–≤–∞  –ú–µ–∑–æ–Ω–µ—Ç,"–≥—Ä–∞–¥ –°–æ—Ñ–∏—è, –ì–æ—Ü–µ –î–µ–ª—á–µ–≤","–≥—Ä–∞–¥ –°–æ—Ñ–∏—è, –ì–æ—Ü–µ –î–µ–ª—á–µ–≤
360 –∫–≤.–º","10-—Ç–∏ –µ—Ç., –¢–ï–¶, –£–Ω–∏–∫–∞–ª–µ–Ω –ü–µ–Ω—Ç—Ö–∞—É—Å / —Ç—Ä–∏–∑–æ–Ω–µ—Ç / —Å —É—Å–µ—â–∞–Ω–µ –∑–∞ –∫—ä—â–∞!–ò–º–æ—Ç—ä—Ç –µ —É–Ω–∏–∫–∞–ª–µ–Ω –ø–æ—Ä–∞–¥–∏ –≤–Ω—É—à–∞–≤–∞—â–∏—Ç–µ —Å–∏ —Ä–∞–∑–º–µ—Ä–∏ –∏ –≤ ...",https://www.imoti.com/obiava/40327736/prodava-mezonet-grad-sofiya-gotse-delchev,0878406401,https://www.imoti.com/prodazhbi/grad-sofiya/mezoneti?sraion=86~4~14~15~6101~146~147~21~22~23~32~120~57~132~60~72~80~81~85~,2026-01-21T18:15:29.148277
"360 000 ‚Ç¨704 098,80 –ª–≤.–¶–µ–Ω–∞—Ç–∞ –µ —Å –≤–∫–ª—é—á–µ–Ω–æ –î–î–°",–ü—Ä–æ–¥–∞–≤–∞  –ú–µ–∑–æ–Ω–µ—Ç,"–≥—Ä–∞–¥ –°–æ—Ñ–∏—è, –î–∏–∞–Ω–∞–±–∞–¥","–≥—Ä–∞–¥ –°–æ—Ñ–∏—è, –î–∏–∞–Ω–∞–±–∞–¥
250 –∫–≤.–º","7-–º–∏ –µ—Ç., –¢–ï–¶, –¢—Ä–∏—Å—Ç–∞–µ–Ω –∞—Ä—Ç–∏—Å—Ç–∏—á–µ–Ω –∞–ø–∞—Ä—Ç–∞–º–µ–Ω—Ç, —Ç–∏–ø –º–µ–∑–æ–Ω–µ—Ç –Ω–∞ –≥—Ä–∞–Ω–∏—Ü–∞—Ç–∞ –Ω–∞ –∂.–∫. –î–∏–∞–Ω–∞–±–∞–¥ –∏ –°—Ç—É–¥–µ–Ω—Ç—Å–∫–∏ –≥—Ä–∞–¥. –ê–∫—Ç 16  ...",https://www.imoti.com/obiava/33090216/prodava-mezonet-grad-sofiya-dianabad,0895732971,https://www.imoti.com/prodazhbi/grad-sofiya/mezoneti?sraion=86~4~14~15~6101~146~147~21~22~23~32~120~57~132~60~72~80~81~85~,2026-01-21T18:15:29.148624
"369 999 ‚Ç¨723 655,14 –ª–≤.–ù–µ —Å–µ –Ω–∞—á–∏—Å–ª—è–≤–∞ –î–î–°",–ü—Ä–æ–¥–∞–≤–∞  –ú–µ–∑–æ–Ω–µ—Ç,"–≥—Ä–∞–¥ –°–æ—Ñ–∏—è, –î–∏–∞–Ω–∞–±–∞–¥","–≥—Ä–∞–¥ –°–æ—Ñ–∏—è, –î–∏–∞–Ω–∞–±–∞–¥
302 –∫–≤.–º","8-–º–∏ –µ—Ç., –¢–ï–¶, –û–¢–õ–ò–ß–ù–ê –õ–û–ö–ê–¶–ò–Ø ! ! ! –î–û '–õ–û–í–ï–ù –ü–ê–†–ö' ! ! !–ü—Ä–µ–¥–ª–∞–≥–∞–º–µ –Ω–∞ –≤–∞—à–µ—Ç–æ –≤–Ω–∏–º–∞–Ω–∏–µ –ø—Ä–æ—Å—Ç–æ—Ä–µ–Ω –º–µ–∑–æ–Ω–µ—Ç, —Ä–∞–∑–ø–æ–ª–æ–∂ ...",https://www.imoti.com/obiava/67596260/prodava-mezonet-grad-sofiya-dianabad,0875363330,https://www.imoti.com/prodazhbi/grad-sofiya/mezoneti?sraion=86~4~14~15~6101~146~147~21~22~23~32~120~57~132~60~72~80~81~85~,2026-01-21T18:15:29.148981
"692 000 ‚Ç¨1 353 434,36 –ª–≤.–¶–µ–Ω–∞—Ç–∞ –µ —Å –≤–∫–ª—é—á–µ–Ω–æ –î–î–°",–ü—Ä–æ–¥–∞–≤–∞  –ú–µ–∑–æ–Ω–µ—Ç,"–≥—Ä–∞–¥ –°–æ—Ñ–∏—è, –î–∏–∞–Ω–∞–±–∞–¥","–≥—Ä–∞–¥ –°–æ—Ñ–∏—è, –î–∏–∞–Ω–∞–±–∞–¥
270 –∫–≤.–º","8-–º–∏ –µ—Ç., –¢–ï–¶, AKT 16!!! –ú–ù–û–ì–û –í–ò–°–û–ö–û –ö–ê–ß–ï–°–¢–í–û!–ê–≥–µ–Ω—Ü–∏—è –∑–∞ –Ω–µ–¥–≤–∏–∂–∏–º–∏ –∏–º–æ—Ç–∏ ' –ù–∞–π—Å –•–æ—É–º' –ø—Ä–µ–¥–ª–∞–≥–∞, —á–∏—Å—Ç–æ –Ω–æ–≤  ...",https://www.imoti.com/obiava/18712566/prodava-mezonet-grad-sofiya-dianabad,0878208555,https://www.imoti.com/prodazhbi/grad-sofiya/mezoneti?sraion=86~4~14~15~6101~146~147~21~22~23~32~120~57~132~60~72~80~81~85~,2026-01-21T18:15:29.149326
"743 942 ‚Ç¨1 455 024,08 –ª–≤.–¶–µ–Ω–∞—Ç–∞ –µ —Å –≤–∫–ª—é—á–µ–Ω–æ –î–î–°",–ü—Ä–æ–¥–∞–≤–∞  –ú–µ–∑–æ–Ω–µ—Ç,"–≥—Ä–∞–¥ –°–æ—Ñ–∏—è, –î–∏–∞–Ω–∞–±–∞–¥","–≥—Ä–∞–¥ –°–æ—Ñ–∏—è, –î–∏–∞–Ω–∞–±–∞–¥
321 –∫–≤.–º","8-–º–∏ –µ—Ç. –æ—Ç 8, –¢–ï–¶, –¢—É—Ö–ª–∞ 2022 –≥., –ó–∞ –ø–æ–≤–µ—á–µ –∏–Ω—Ñ–æ—Ä–º–∞—Ü–∏—è –æ–±–∞–¥–µ—Ç–µ –Ω–∏ —Å–µ –Ω–∞ —Ç–µ–ª: 0882 817 473 –∏–ª–∏ 02 425 68 35 –∏ —Ü–∏—Ç–∏—Ä–∞–π—Ç–µ —Ä–µ—Ñ–µ—Ä–µ–Ω—Ç–Ω–∏—è –Ω–æ–º ...",https://www.imoti.com/obiava/43850095/prodava-mezonet-grad-sofiya-dianabad,0882817473,https://www.imoti.com/prodazhbi/grad-sofiya/mezoneti?sraion=86~4~14~15~6101~146~147~21~22~23~32~120~57~132~60~72~80~81~85~,2026-01-21T18:15:29.149669
"828 000 ‚Ç¨1 619 427,24 –ª–≤.–¶–µ–Ω–∞—Ç–∞ –µ —Å –≤–∫–ª—é—á–µ–Ω–æ –î–î–°",–ü—Ä–æ–¥–∞–≤–∞  –ú–µ–∑–æ–Ω–µ—Ç,"–≥—Ä–∞–¥ –°–æ—Ñ–∏—è, –î–∏–∞–Ω–∞–±–∞–¥","–≥—Ä–∞–¥ –°–æ—Ñ–∏—è, –î–∏–∞–Ω–∞–±–∞–¥
320 –∫–≤.–º","–¢–ï–¶, –¢—É—Ö–ª–∞ 2022 –≥., AKT 16!!! –ú–ù–û–ì–û –í–ò–°–û–ö–û –ö–ê–ß–ï–°–¢–í–û!–ê–≥–µ–Ω—Ü–∏—è –∑–∞ –Ω–µ–¥–≤–∏–∂–∏–º–∏ –∏–º–æ—Ç–∏ ' –ù–∞–π—Å –•–æ—É–º' –ø—Ä–µ–¥–ª–∞–≥–∞, —á–∏—Å—Ç–æ –Ω–æ–≤  ...",https://www.imoti.com/obiava/46722196/prodava-mezonet-grad-sofiya-dianabad,0878208555,https://www.imoti.com/prodazhbi/grad-sofiya/mezoneti?sraion=86~4~14~15~6101~146~147~21~22~23~32~120~57~132~60~72~80~81~85~,2026-01-21T18:15:29.150021
"828 356 ‚Ç¨1 620 123,52 –ª–≤.–¶–µ–Ω–∞—Ç–∞ –µ —Å –≤–∫–ª—é—á–µ–Ω–æ –î–î–°",–ü—Ä–æ–¥–∞–≤–∞  –ú–µ–∑–æ–Ω–µ—Ç,"–≥—Ä–∞–¥ –°–æ—Ñ–∏—è, –î–∏–∞–Ω–∞–±–∞–¥","–≥—Ä–∞–¥ –°–æ—Ñ–∏—è, –î–∏–∞–Ω–∞–±–∞–¥
321 –∫–≤.–º","8-–º–∏ –µ—Ç., –¢–ï–¶, Galiano Estates –í–∏ –ø—Ä–µ–¥–ª–∞–≥–∞ –º–µ–∑–æ–Ω–µ—Ç –≤ –Ω–æ–≤–æ–ø–æ—Å—Ç—Ä–æ–µ–Ω–∞ —Å–≥—Ä–∞–¥–∞ —Å –ê–ö–¢16!–ú–µ–∑–æ–Ω–µ—Ç—ä—Ç, –∫–æ–π—Ç–æ –í–∏ –ø—Ä–µ–¥–ª–∞–≥–∞–º–µ –∏–º ...",https://www.imoti.com/obiava/95831416/prodava-mezonet-grad-sofiya-dianabad,0890980170,https://www.imoti.com/prodazhbi/grad-sofiya/mezoneti?sraion=86~4~14~15~6101~146~147~21~22~23~32~120~57~132~60~72~80~81~85~,2026-01-21T18:15:29.150366
–¶–µ–Ω–∞ –ø—Ä–∏ –∑–∞–ø–∏—Ç–≤–∞–Ω–µ,–ü—Ä–æ–¥–∞–≤–∞  –ú–µ–∑–æ–Ω–µ—Ç,"–≥—Ä–∞–¥ –°–æ—Ñ–∏—è, –î–∏–∞–Ω–∞–±–∞–¥","–≥—Ä–∞–¥ –°–æ—Ñ–∏—è, –î–∏–∞–Ω–∞–±–∞–¥
688 –∫–≤.–º","14-—Ç–∏ –µ—Ç., LUXIMMO FINEST ESTATES: www.luximmo.bg–ü—Ä–µ–¥—Å—Ç–∞–≤—è–º–µ —Ç—Ä–æ—Ñ–µ–µ–Ω –∏–º–æ—Ç –≤ —Å—Ç–æ–ª–∏—Ü–∞—Ç–∞ - –≤–ø–µ—á–∞—Ç–ª—è–≤–∞—â –∞–ø–∞—Ä—Ç–∞–º–µ–Ω—Ç  ...",https://www.imoti.com/obiava/66048505/prodava-mezonet-grad-sofiya-dianabad,0882817596,https://www.imoti.com/prodazhbi/grad-sofiya/mezoneti?sraion=86~4~14~15~6101~146~147~21~22~23~32~120~57~132~60~72~80~81~85~,2026-01-21T18:15:29.150677
"369 999 ‚Ç¨723 655,14 –ª–≤.–ù–µ —Å–µ –Ω–∞—á–∏—Å–ª—è–≤–∞ –î–î–°",–ü—Ä–æ–¥–∞–≤–∞  –ú–µ–∑–æ–Ω–µ—Ç,"–≥—Ä–∞–¥ –°–æ—Ñ–∏—è, –∂.–≥—Ä.–ó–æ–æ–ø–∞—Ä–∫","–≥—Ä–∞–¥ –°–æ—Ñ–∏—è, –∂.–≥—Ä.–ó–æ–æ–ø–∞—Ä–∫
302 –∫–≤.–º","8-–º–∏ –µ—Ç., –¢–ï–¶, –û–¢–õ–ò–ß–ù–ê –õ–û–ö–ê–¶–ò–Ø ! ! ! –î–û '–õ–û–í–ï–ù –ü–ê–†–ö' ! ! !–ü—Ä–µ–¥–ª–∞–≥–∞–º–µ –Ω–∞ –≤–∞—à–µ—Ç–æ –≤–Ω–∏–º–∞–Ω–∏–µ –ø—Ä–æ—Å—Ç–æ—Ä–µ–Ω –º–µ–∑–æ–Ω–µ—Ç, —Ä–∞–∑–ø–æ–ª–æ–∂ ...",https://www.imoti.com/obiava/63109895/prodava-mezonet-grad-sofiya-zh-gr-zoopark,0875363330,https://www.imoti.com/prodazhbi/grad-sofiya/mezoneti?sraion=86~4~14~15~6101~146~147~21~22~23~32~120~57~132~60~72~80~81~85~,2026-01-21T18:15:29.151039
"692 000 ‚Ç¨1 353 434,36 –ª–≤.–¶–µ–Ω–∞—Ç–∞ –µ —Å –≤–∫–ª—é—á–µ–Ω–æ –î–î–°",–ü—Ä–æ–¥–∞–≤–∞  –ú–µ–∑–æ–Ω–µ—Ç,"–≥—Ä–∞–¥ –°–æ—Ñ–∏—è, –ò–∑–≥—Ä–µ–≤","–≥—Ä–∞–¥ –°–æ—Ñ–∏—è, –ò–∑–≥—Ä–µ–≤
270 –∫–≤.–º","–¢–ï–¶, –¢—É—Ö–ª–∞ 2022 –≥., AKT 16!!! –ú–ù–û–ì–û –í–ò–°–û–ö–û –ö–ê–ß–ï–°–¢–í–û!–ê–≥–µ–Ω—Ü–∏—è –∑–∞ –Ω–µ–¥–≤–∏–∂–∏–º–∏ –∏–º–æ—Ç–∏ ' –ù–∞–π—Å –•–æ—É–º' –ø—Ä–µ–¥–ª–∞–≥–∞, —á–∏—Å—Ç–æ –Ω–æ–≤  ...",https://www.imoti.com/obiava/61706589/prodava-mezonet-grad-sofiya-izgrev,0878208555,https://www.imoti.com/prodazhbi/grad-sofiya/mezoneti?sraion=86~4~14~15~6101~146~147~21~22~23~32~120~57~132~60~72~80~81~85~,2026-01-21T18:15:29.151379
"350 000 ‚Ç¨684 540,50 –ª–≤.–ù–µ —Å–µ –Ω–∞—á–∏—Å–ª—è–≤–∞ –î–î–°",–ü—Ä–æ–¥–∞–≤–∞  –ú–µ–∑–æ–Ω–µ—Ç,"–≥—Ä–∞–¥ –°–æ—Ñ–∏—è, –ò–∑—Ç–æ–∫","–≥—Ä–∞–¥ –°–æ—Ñ–∏—è, –ò–∑—Ç–æ–∫
104 –∫–≤.–º","5-—Ç–∏ –µ—Ç., –õ–æ–∫.–æ—Ç–æ–ø–ª., –ú–ù–û–ì–û –•–£–ë–ê–í–ê –õ–û–ö–ê–¶–ò–Ø! –í–™–ó–ú–û–ñ–ù–û–°–¢ –ó–ê –ü–†–ï–£–°–¢–†–û–ô–°–¢–í–û!JJ Corporation –ø—Ä–µ–¥–ª–∞–≥–∞ –Ω–∞ –í–∞—à–µ—Ç–æ –≤–Ω–∏–º–∞–Ω–∏–µ —Ç—Ä–∏—Å—Ç–∞–µ ...",https://www.imoti.com/obiava/19107151/prodava-mezonet-grad-sofiya-iztok,0887219224,https://www.imoti.com/prodazhbi/grad-sofiya/mezoneti?sraion=86~4~14~15~6101~146~147~21~22~23~32~120~57~132~60~72~80~81~85~,2026-01-21T18:15:29.151716
"520 000 ‚Ç¨1 017 031,60 –ª–≤.–¶–µ–Ω–∞—Ç–∞ –µ —Å –≤–∫–ª—é—á–µ–Ω–æ –î–î–°",–ü—Ä–æ–¥–∞–≤–∞  –ú–µ–∑–æ–Ω–µ—Ç,"–≥—Ä–∞–¥ –°–æ—Ñ–∏—è, –ò–∑—Ç–æ–∫","–≥—Ä–∞–¥ –°–æ—Ñ–∏—è, –ò–∑—Ç–æ–∫
119 –∫–≤.–º","5-—Ç–∏ –µ—Ç., –¢–ï–¶, LUXIMMO FINEST ESTATES: www.luximmo.bg–ü—Ä–µ–¥—Å—Ç–∞–≤—è–º–µ –í–∏ –∏–∑–∫–ª—é—á–∏—Ç–µ–ª–µ–Ω –∏–º–æ—Ç   –º–µ–∑–æ–Ω–µ—Ç –Ω–∞ –ø–æ—Å–ª–µ–¥–µ–Ω –µ—Ç–∞–∂ —Å  ...",https://www.imoti.com/obiava/71117939/prodava-mezonet-grad-sofiya-iztok,0884604530,https://www.imoti.com/prodazhbi/grad-sofiya/mezoneti?sraion=86~4~14~15~6101~146~147~21~22~23~32~120~57~132~60~72~80~81~85~,2026-01-21T18:15:29.152068
"949 900 ‚Ç¨1 857 842,92 –ª–≤.–ù–µ —Å–µ –Ω–∞—á–∏—Å–ª—è–≤–∞ –î–î–°",–ü—Ä–æ–¥–∞–≤–∞  –ú–µ–∑–æ–Ω–µ—Ç,"–≥—Ä–∞–¥ –°–æ—Ñ–∏—è, –ò–∑—Ç–æ–∫","–≥—Ä–∞–¥ –°–æ—Ñ–∏—è, –ò–∑—Ç–æ–∫
402 –∫–≤.–º","6-—Ç–∏ –µ—Ç., –¢–ï–¶, BULGARIMMO –ø—Ä–µ–¥—Å—Ç–∞–≤—è –Ω–∞ –í–∞—à–µ—Ç–æ –≤–Ω–∏–º–∞–Ω–∏–µ —Å—Ç–∏–ª–µ–Ω —á–µ—Ç–∏—Ä–∏—Å—Ç–∞–µ–Ω —Ç—Ä–∏–∑–æ–Ω–µ—Ç –≤ –µ–º–±–ª–µ–º–∞—Ç–∏—á–Ω–∞ —Å–≥—Ä–∞–¥–∞ –≤ –∫–≤–∞—Ä—Ç–∞–ª  ...",https://www.imoti.com/obiava/49214337/prodava-mezonet-grad-sofiya-iztok,0878297660,https://www.imoti.com/prodazhbi/grad-sofiya/mezoneti?sraion=86~4~14~15~6101~146~147~21~22~23~32~120~57~132~60~72~80~81~85~,2026-01-21T18:15:29.152402
1 700 000 ‚Ç¨3 324 911 –ª–≤.–¶–µ–Ω–∞—Ç–∞ –µ —Å –≤–∫–ª—é—á–µ–Ω–æ –î–î–°,–ü—Ä–æ–¥–∞–≤–∞  –ú–µ–∑–æ–Ω–µ—Ç,"–≥—Ä–∞–¥ –°–æ—Ñ–∏—è, –ò–∑—Ç–æ–∫","–≥—Ä–∞–¥ –°–æ—Ñ–∏—è, –ò–∑—Ç–æ–∫
563 –∫–≤.–º","6-—Ç–∏ –µ—Ç., –¢–ï–¶,   –ü–û–õ–Æ–°–ò –ø—Ä–µ–¥–ª–∞–≥–∞ –º–µ–∑–æ–Ω–µ—Ç –Ω–∞ –∞—Ç—Ä–∞–∫—Ç–∏–≤–Ω–∞ –¥–µ—Å—Ç–∏–Ω–∞—Ü–∏—è –≤ —Å–≥—Ä–∞–¥–∞ —Å –¢–û–ü –∫–∞—á–µ—Å—Ç–≤–æ, —à—É–º–æ–∏–∑–æ–ª–∞—Ü–∏—è, –∫–∞–º–µ–Ω–Ω–∞ —Ñ–∞ ...",https://www.imoti.com/obiava/49975097/prodava-mezonet-grad-sofiya-iztok,0879262008,https://www.imoti.com/prodazhbi/grad-sofiya/mezoneti?sraion=86~4~14~15~6101~146~147~21~22~23~32~120~57~132~60~72~80~81~85~,2026-01-21T18:15:29.152742
"299 750 ‚Ç¨586 260,04 –ª–≤.–¶–µ–Ω–∞—Ç–∞ –µ —Å –≤–∫–ª—é—á–µ–Ω–æ –î–î–°",–ü—Ä–æ–¥–∞–≤–∞  –ú–µ–∑–æ–Ω–µ—Ç,"–≥—Ä–∞–¥ –°–æ—Ñ–∏—è, –õ–æ–∑–µ–Ω–µ—Ü","–≥—Ä–∞–¥ –°–æ—Ñ–∏—è, –õ–æ–∑–µ–Ω–µ—Ü
120 –∫–≤.–º","5-—Ç–∏ –µ—Ç., –¢–ï–¶, –ü–ï–†–§–ï–ö–¢–ù–ê –õ–û–ö–ê–¶–ò–Ø! –ü–†–ï–ö–†–ê–°–ù–ê –ü–ê–ù–û–†–ê–ú–ù–ê –ì–õ–ï–î–ö–ê.–Æ–ñ–ï–ù –ü–ê–†–ö, –ú–û–õ –ü–ê–†–ê–î–ê–ô–°, –º–µ—Ç—Ä–æ—Å—Ç–∞–Ω—Ü–∏—è –í–ò–¢–û–®–ê,–°–ü–ò–†–ö–ò –Ω–∞ ...",https://www.imoti.com/obiava/38279312/prodava-mezonet-grad-sofiya-lozenets,0895539823,https://www.imoti.com/prodazhbi/grad-sofiya/mezoneti?sraion=86~4~14~15~6101~146~147~21~22~23~32~120~57~132~60~72~80~81~85~,2026-01-21T18:15:29.153093
"305 000 ‚Ç¨596 528,15 –ª–≤.–ù–µ —Å–µ –Ω–∞—á–∏—Å–ª—è–≤–∞ –î–î–°",–ü—Ä–æ–¥–∞–≤–∞  –ú–µ–∑–æ–Ω–µ—Ç,"–≥—Ä–∞–¥ –°–æ—Ñ–∏—è, –õ–æ–∑–µ–Ω–µ—Ü","–≥—Ä–∞–¥ –°–æ—Ñ–∏—è, –õ–æ–∑–µ–Ω–µ—Ü
80 –∫–≤.–º","5-—Ç–∏ –µ—Ç., –õ–æ–∫.–æ—Ç–æ–ø–ª., –ú–æ–¥–µ—Ä–µ–Ω, —Å—Ç–∏–ª–µ–Ω, –∞—Ä—Ç–∏—Å—Ç–∏—á–µ–Ω –∞–ø–∞—Ä—Ç–∞–º–µ–Ω—Ç, –æ–±–∑–∞–≤–µ–¥–µ–Ω —Å –≤—Å–∏—á–∫–æ –Ω–µ–æ–±—Ö–æ–¥–∏–º–æ –∑–∞ —Å—ä–≤—Ä–µ–º–µ–Ω–Ω–∏—è –Ω–∞—á–∏–Ω –Ω–∞ –∂–∏–≤–æ—Ç  ...",https://www.imoti.com/obiava/57104495/prodava-mezonet-grad-sofiya-lozenets,0879889164,https://www.imoti.com/prodazhbi/grad-sofiya/mezoneti?sraion=86~4~14~15~6101~146~147~21~22~23~32~120~57~132~60~72~80~81~85~,2026-01-21T18:15:29.153432
"371 000 ‚Ç¨725 612,93 –ª–≤.–ù–µ —Å–µ –Ω–∞—á–∏—Å–ª—è–≤–∞ –î–î–°",–ü—Ä–æ–¥–∞–≤–∞  –ú–µ–∑–æ–Ω–µ—Ç,"–≥—Ä–∞–¥ –°–æ—Ñ–∏—è, –õ–æ–∑–µ–Ω–µ—Ü","–≥—Ä–∞–¥ –°–æ—Ñ–∏—è, –õ–æ–∑–µ–Ω–µ—Ü
143 –∫–≤.–º","5-—Ç–∏ –µ—Ç., –õ–æ–∫.–æ—Ç–æ–ø–ª., –ü—Ä–æ—Å—Ç–æ—Ä–µ–Ω –∏ —Å–≤–µ—Ç—ä–ª –º–µ–∑–æ–Ω–µ—Ç –≤ –ø—Ä–µ—Å—Ç–∏–∂–Ω–∏—è –∫–≤. –õ–æ–∑–µ–Ω–µ—Ü. –°—ä—Å—Ç–æ–∏ –æ—Ç: –Ω–∞ –ø—ä—Ä–≤–æ –Ω–∏–≤–æ –¥–Ω–µ–≤–Ω–∞, –∫—É—Ö–Ω–µ–Ω—Å–∫–∏ –±–æ–∫—Å ...",https://www.imoti.com/obiava/91311556/prodava-mezonet-grad-sofiya-lozenets,0885 565 565,https://www.imoti.com/prodazhbi/grad-sofiya/mezoneti?sraion=86~4~14~15~6101~146~147~21~22~23~32~120~57~132~60~72~80~81~85~,2026-01-21T18:15:29.153776
"473 100 ‚Ç¨925 303,17 –ª–≤.–ù–µ —Å–µ –Ω–∞—á–∏—Å–ª—è–≤–∞ –î–î–°",–ü—Ä–æ–¥–∞–≤–∞  –ú–µ–∑–æ–Ω–µ—Ç,"–≥—Ä–∞–¥ –°–æ—Ñ–∏—è, –õ–æ–∑–µ–Ω–µ—Ü","–≥—Ä–∞–¥ –°–æ—Ñ–∏—è, –õ–æ–∑–µ–Ω–µ—Ü
190 –∫–≤.–º","–î–∂–µ–π –∏ –î–∂–µ–π –ö–æ—Ä–ø–æ—Ä–µ–π—à—ä–Ω –ø—Ä–µ–¥–ª–∞–≥–∞ –Ω–∞ –í–∞—à–µ—Ç–æ –≤–Ω–∏–º–∞–Ω–∏–µ –ø—Ä–æ—Å—Ç–æ—Ä–µ–Ω –∏ —Å–≤–µ—Ç—ä–ª –∞–ø–∞—Ä—Ç–∞–º–µ–Ω—Ç –Ω–∞ –¥–≤–µ –Ω–∏–≤–∞, –Ω–∞—Ö–æ–¥ ...",https://www.imoti.com/obiava/39143131/prodava-mezonet-grad-sofiya-lozenets,0887714407,https://www.imoti.com/prodazhbi/grad-sofiya/mezoneti?sraion=86~4~14~15~6101~146~147~21~22~23~32~120~57~132~60~72~80~81~85~,2026-01-21T18:15:30.953798
"475 000 ‚Ç¨929 019,25 –ª–≤.–ù–µ —Å–µ –Ω–∞—á–∏—Å–ª—è–≤–∞ –î–î–°",–ü—Ä–æ–¥–∞–≤–∞  –ú–µ–∑–æ–Ω–µ—Ç,"–≥—Ä–∞–¥ –°–æ—Ñ–∏—è, –õ–æ–∑–µ–Ω–µ—Ü","–≥—Ä–∞–¥ –°–æ—Ñ–∏—è, –õ–æ–∑–µ–Ω–µ—Ü
190 –∫–≤.–º","–ì–ê–ó, –¢–ï–¶, –ü–†–û–ú–û –¶–ï–ù–ê –î–û 15.02.2026!!–ü—Ä–æ—Å—Ç–æ—Ä–µ–Ω –∞–ø–∞—Ä—Ç–∞–º–µ–Ω—Ç –Ω–∞ –¥–≤–µ –Ω–∏–≤–∞ —Å –≥—Ä–∞–¥–∏–Ω–∞ –∏ –∞—Ç—Ä–∏—É–º   –¢–û–ü –ª–æ–∫–∞—Ü–∏—è –≤ –∫–≤. –õ–æ ...",https://www.imoti.com/obiava/60174594/prodava-mezonet-grad-sofiya-lozenets,0886620630,https://www.imoti.com/prodazhbi/grad-sofiya/mezoneti?sraion=86~4~14~15~6101~146~147~21~22~23~32~120~57~132~60~72~80~81~85~,2026-01-21T18:15:30.954161
"480 700 ‚Ç¨940 167,48 –ª–≤.–ù–µ —Å–µ –Ω–∞—á–∏—Å–ª—è–≤–∞ –î–î–°",–ü—Ä–æ–¥–∞–≤–∞  –ú–µ–∑–æ–Ω–µ—Ç,"–≥—Ä–∞–¥ –°–æ—Ñ–∏—è, –õ–æ–∑–µ–Ω–µ—Ü","–≥—Ä–∞–¥ –°–æ—Ñ–∏—è, –õ–æ–∑–µ–Ω–µ—Ü
190 –∫–≤.–º","1-–≤–∏ –µ—Ç., 7Ô∏è‚É£ 7Estate –¥–∞—Ä—è–≤–∞ 7% –æ—Ç –ø–µ—á–∞–ª–±–∞—Ç–∞ –∑–∞ –±–ª–∞–≥–æ—Ç–≤–æ—Ä–∏—Ç–µ–ª–Ω–∏ –∫–∞—É–∑–∏üìß https://7estate.bg ...",https://www.imoti.com/obiava/18110165/prodava-mezonet-grad-sofiya-lozenets,0879971414,https://www.imoti.com/prodazhbi/grad-sofiya/mezoneti?sraion=86~4~14~15~6101~146~147~21~22~23~32~120~57~132~60~72~80~81~85~,2026-01-21T18:15:30.954502
"499 990 ‚Ç¨977 895,44 –ª–≤.–¶–µ–Ω–∞—Ç–∞ –µ —Å –≤–∫–ª—é—á–µ–Ω–æ –î–î–°",–ü—Ä–æ–¥–∞–≤–∞  –ú–µ–∑–æ–Ω–µ—Ç,"–≥—Ä–∞–¥ –°–æ—Ñ–∏—è, –õ–æ–∑–µ–Ω–µ—Ü","–≥—Ä–∞–¥ –°–æ—Ñ–∏—è, –õ–æ–∑–µ–Ω–µ—Ü
260 –∫–≤.–º",,https://www.imoti.com/obiava/81991641/prodava-mezonet-grad-sofiya-lozenets,0875363330,https://www.imoti.com/prodazhbi/grad-sofiya/mezoneti?sraion=86~4~14~15~6101~146~147~21~22~23~32~120~57~132~60~72~80~81~85~,2026-01-21T18:15:30.954841
"630 000 ‚Ç¨1 232 172,90 –ª–≤.–¶–µ–Ω–∞—Ç–∞ –µ —Å –≤–∫–ª—é—á–µ–Ω–æ –î–î–°",–ü—Ä–æ–¥–∞–≤–∞  –ú–µ–∑–æ–Ω–µ—Ç,"–≥—Ä–∞–¥ –°–æ—Ñ–∏—è, –õ–æ–∑–µ–Ω–µ—Ü","–≥—Ä–∞–¥ –°–æ—Ñ–∏—è, –õ–æ–∑–µ–Ω–µ—Ü
140 –∫–≤.–º","3-—Ç–∏ –µ—Ç., –¢–ï–¶, –ï–†–ê –¶–µ–Ω—Ç—Ä–∞–ª –∏–º–∞ —É–¥–æ–≤–æ–ª—Å—Ç–≤–∏–µ—Ç–æ –¥–∞ –≤–∏ –ø—Ä–µ–¥—Å—Ç–∞–≤–∏ –º–µ–∑–æ–Ω–µ—Ç, —á–∞—Å—Ç –æ—Ç –º–∞–ª–∫–∞ –±—É—Ç–∏–∫–æ–≤–∞ —Å–≥—Ä–∞–¥–∞, —Ä–∞–∑–ø–æ–ª–æ–∂–µ–Ω–∞ –Ω–∞ ...",https://www.imoti.com/obiava/55786957/prodava-mezonet-grad-sofiya-lozenets,0882633399,https://www.imoti.com/prodazhbi/grad-sofiya/mezoneti?sraion=86~4~14~15~6101~146~147~21~22~23~32~120~57~132~60~72~80~81~85~,2026-01-21T18:15:30.955204
"650 000 ‚Ç¨1 271 289,50 –ª–≤.–ù–µ —Å–µ –Ω–∞—á–∏—Å–ª—è–≤–∞ –î–î–°",–ü—Ä–æ–¥–∞–≤–∞  –ú–µ–∑–æ–Ω–µ—Ç,"–≥—Ä–∞–¥ –°–æ—Ñ–∏—è, –õ–æ–∑–µ–Ω–µ—Ü","–≥—Ä–∞–¥ –°–æ—Ñ–∏—è, –õ–æ–∑–µ–Ω–µ—Ü
235 –∫–≤.–º","4-—Ç–∏ –µ—Ç., –¢–ï–¶,           –°–ê–ù–î–†–ê–ú–ê–ö–° –ø—Ä–æ–¥–∞–≤–∞ –ü–ï–¢–°–¢–ê–ï–ù –º–µ–∑–æ–Ω–µ—Ç –Ω–∞ –ï–ú–ë–õ–ï–ú–ê–¢–ò–ß–ù–û –º—è—Å—Ç–æ –≤ –∫–≤. –õ–æ–∑–µ–Ω–µ—Ü ( –¥–æ –†–ï–ó–ò–î–ï–ù–¶–ò–Ø –õ–æ ...",https://www.imoti.com/obiava/13546778/prodava-mezonet-grad-sofiya-lozenets,0888638903,https://www.imoti.com/prodazhbi/grad-sofiya/mezoneti?sraion=86~4~14~15~6101~146~147~21~22~23~32~120~57~132~60~72~80~81~85~,2026-01-21T18:15:30.955539
"658 000 ‚Ç¨1 286 936,14 –ª–≤.–¶–µ–Ω–∞—Ç–∞ –µ —Å –≤–∫–ª—é—á–µ–Ω–æ –î–î–°",–ü—Ä–æ–¥–∞–≤–∞  –ú–µ–∑–æ–Ω–µ—Ç,"–≥—Ä–∞–¥ –°–æ—Ñ–∏—è, –õ–æ–∑–µ–Ω–µ—Ü","–≥—Ä–∞–¥ –°–æ—Ñ–∏—è, –õ–æ–∑–µ–Ω–µ—Ü
188 –∫–≤.–º","6-—Ç–∏ –µ—Ç., –ê–≥–µ–Ω—Ü–∏—è –ë—Ä–∏–∫—Å99 –∏–º–∞ —É–¥–æ–≤–æ–ª—Å—Ç–≤–∏–µ—Ç–æ –¥–∞ –≤–∏ –ø—Ä–µ–¥–ª–æ–∂–∏ –∑–∞ –ø—Ä–æ–¥–∞–∂–±–∞ –º–µ–∑–æ–Ω–µ—Ç –Ω–∞ —Ç—Ä–∏ –Ω–∏–≤–∞ —Å –∏–∑–∫–ª—é—á–∏—Ç–µ–ª–Ω–∞ —Ç–æ–ø  ...",https://www.imoti.com/obiava/75164838/prodava-mezonet-grad-sofiya-lozenets,0888569109,https://www.imoti.com/prodazhbi/grad-sofiya/mezoneti?sraion=86~4~14~15~6101~146~147~21~22~23~32~120~57~132~60~72~80~81~85~,2026-01-21T18:15:30.955889
"716 800 ‚Ç¨1 401 938,94 –ª–≤.–ù–µ —Å–µ –Ω–∞—á–∏—Å–ª—è–≤–∞ –î–î–°",–ü—Ä–æ–¥–∞–≤–∞  –ú–µ–∑–æ–Ω–µ—Ç,"–≥—Ä–∞–¥ –°–æ—Ñ–∏—è, –õ–æ–∑–µ–Ω–µ—Ü","–≥—Ä–∞–¥ –°–æ—Ñ–∏—è, –õ–æ–∑–µ–Ω–µ—Ü
224 –∫–≤.–º","4-—Ç–∏ –µ—Ç., –õ–æ–∫.–æ—Ç–æ–ø–ª., –ë–µ–∑ –∫–æ–º–∏—Å–∏–æ–Ω –∑–∞ –∫—É–ø—É–≤–∞—á–∞! –ó–∞ –æ–≥–ª–µ–¥–∏ —Å –∫–ª—é—á: –ù–µ–≤–µ–Ω–∞ –í–µ–ª–∏–∫–æ–≤–∞ 0888377355–ú–æ–Ω–æ–ª–∏—Ç–Ω–∞ —Å–≥—Ä–∞–¥–∞ –Ω–∞ 4 –µ—Ç–∞–∂–∞ —Å  ...",https://www.imoti.com/obiava/20448084/prodava-mezonet-grad-sofiya-lozenets,028660502,https://www.imoti.com/prodazhbi/grad-sofiya/mezoneti?sraion=86~4~14~15~6101~146~147~21~22~23~32~120~57~132~60~72~80~81~85~,2026-01-21T18:15:30.956227
"717 000 ‚Ç¨1 402 330,11 –ª–≤.–¶–µ–Ω–∞—Ç–∞ –µ —Å –≤–∫–ª—é—á–µ–Ω–æ –î–î–°",–ü—Ä–æ–¥–∞–≤–∞  –ú–µ–∑–æ–Ω–µ—Ç,"–≥—Ä–∞–¥ –°–æ—Ñ–∏—è, –õ–æ–∑–µ–Ω–µ—Ü","–≥—Ä–∞–¥ –°–æ—Ñ–∏—è, –õ–æ–∑–µ–Ω–µ—Ü
225 –∫–≤.–º","4-—Ç–∏ –µ—Ç., –õ–æ–∫.–æ—Ç–æ–ø–ª., –õ—É–∫—Å–æ–∑–µ–Ω –∏ —Å—Ç–∏–ª–µ–Ω –º–Ω–æ–≥–æ—Å—Ç–∞–µ–Ω –∞–ø–∞—Ä—Ç–∞–º–µ–Ω—Ç 225 –º2 /190,29 –º2/, –ø—Ä–æ—Å—Ç–æ—Ä–µ–Ω –∏ —Å–≤–µ—Ç—ä–ª, –≤ –Ω–æ–≤–∞ —Å–≥—Ä–∞–¥–∞ —Å –∫–æ–Ω—Ç ...",https://www.imoti.com/obiava/26045390/prodava-mezonet-grad-sofiya-lozenets,0888456928,https://www.imoti.com/prodazhbi/grad-sofiya/mezoneti?sraion=86~4~14~15~6101~146~147~21~22~23~32~120~57~132~60~72~80~81~85~,2026-01-21T18:15:30.956561
"720 000 ‚Ç¨1 408 197,60 –ª–≤.–ù–µ —Å–µ –Ω–∞—á–∏—Å–ª—è–≤–∞ –î–î–°",–ü—Ä–æ–¥–∞–≤–∞  –ú–µ–∑–æ–Ω–µ—Ç,"–≥—Ä–∞–¥ –°–æ—Ñ–∏—è, –õ–æ–∑–µ–Ω–µ—Ü","–≥—Ä–∞–¥ –°–æ—Ñ–∏—è, –õ–æ–∑–µ–Ω–µ—Ü
226 –∫–≤.–º","6-—Ç–∏ –µ—Ç., –õ–æ–∫.–æ—Ç–æ–ø–ª., –î–∂–µ–π –∏ –î–∂–µ–π –ö–æ—Ä–ø–æ—Ä–µ–π—à—ä–Ω –ø—Ä–µ–¥–ª–∞–≥–∞ –Ω–∞ –í–∞—à–µ—Ç–æ –≤–Ω–∏–º–∞–Ω–∏–µ –ø—Ä–æ—Å—Ç–æ—Ä–µ–Ω –∏ —Å–≤–µ—Ç—ä–ª –∞–ø–∞—Ä—Ç–∞–º–µ–Ω—Ç, –Ω–∞—Ö–æ–¥—è—â —Å–µ –≤ –±–ª–∏–∑ ...",https://www.imoti.com/obiava/59187958/prodava-mezonet-grad-sofiya-lozenets,0887714407,https://www.imoti.com/prodazhbi/grad-sofiya/mezoneti?sraion=86~4~14~15~6101~146~147~21~22~23~32~120~57~132~60~72~80~81~85~,2026-01-21T18:15:30.956906
"720 000 ‚Ç¨1 408 197,60 –ª–≤.–¶–µ–Ω–∞—Ç–∞ –µ —Å –≤–∫–ª—é—á–µ–Ω–æ –î–î–°",–ü—Ä–æ–¥–∞–≤–∞  –ú–µ–∑–æ–Ω–µ—Ç,"–≥—Ä–∞–¥ –°–æ—Ñ–∏—è, –õ–æ–∑–µ–Ω–µ—Ü","–≥—Ä–∞–¥ –°–æ—Ñ–∏—è, –õ–æ–∑–µ–Ω–µ—Ü
270 –∫–≤.–º","7-–º–∏ –µ—Ç., –¢–ï–¶, –ü—Ä–æ–¥–∞–≤–∞–º–µ –≥–æ–ª—è–º –º–µ–∑–æ–Ω–µ—Ç (—Å—Ç–∞—Ç—É—Ç –Ω–∞ –ê—Ç–µ–ª–∏–µ), –∫–æ–π—Ç–æ –µ –ø—Ä–µ—É—Å—Ç—Ä–æ–µ–Ω –≤ 5 –º–∞–ª–æ–º–µ—Ä–Ω–∏ –¥–≤—É—Å—Ç–∞–π–Ω–∏ –∞–ø–∞—Ä—Ç–∞–º–µ–Ω—Ç–∞,  ...",https://www.imoti.com/obiava/11512217/prodava-mezonet-grad-sofiya-lozenets,0890311115,https://www.imoti.com/prodazhbi/grad-sofiya/mezoneti?sraion=86~4~14~15~6101~146~147~21~22~23~32~120~57~132~60~72~80~81~85~,2026-01-21T18:15:30.957279
600 000 ‚Ç¨1 173 498 –ª–≤.–¶–µ–Ω–∞—Ç–∞ –µ –±–µ–∑ –î–î–°,–ü—Ä–æ–¥–∞–≤–∞  –ú–µ–∑–æ–Ω–µ—Ç,"–≥—Ä–∞–¥ –°–æ—Ñ–∏—è, –õ–æ–∑–µ–Ω–µ—Ü","–≥—Ä–∞–¥ –°–æ—Ñ–∏—è, –õ–æ–∑–µ–Ω–µ—Ü
210 –∫–≤.–º","6-—Ç–∏ –µ—Ç., –ê–ö–¢ 16!!!–ê–≥–µ–Ω—Ü–∏—è –ê–≤–∏–∑–æ –ø—Ä–æ–¥–∞–≤–∞ –∞–ø–∞—Ä—Ç–∞–º–µ–Ω—Ç –≤ –∏–º–∏–¥–∂–æ–≤–∞ –∂–∏–ª–∏—â–Ω–∞ —Å–≥—Ä–∞–¥–∞ –Ω–∞ –¢–û–ü –ª–æ–∫–∞—Ü–∏—è, –Ω–∞–º–∏—Ä–∞—â–∞ —Å–µ –Ω–∞ –± ...",https://www.imoti.com/obiava/34964021/prodava-mezonet-grad-sofiya-lozenets,0886 22 57 55,https://www.imoti.com/prodazhbi/grad-sofiya/mezoneti?sraion=86~4~14~15~6101~146~147~21~22~23~32~120~57~132~60~72~80~81~85~,2026-01-21T18:15:30.957615
"744 450 ‚Ç¨1 456 017,64 –ª–≤.–ù–µ —Å–µ –Ω–∞—á–∏—Å–ª—è–≤–∞ –î–î–°",–ü—Ä–æ–¥–∞–≤–∞  –ú–µ–∑–æ–Ω–µ—Ç,"–≥—Ä–∞–¥ –°–æ—Ñ–∏—è, –õ–æ–∑–µ–Ω–µ—Ü","–≥—Ä–∞–¥ –°–æ—Ñ–∏—è, –õ–æ–∑–µ–Ω–µ—Ü
213 –∫–≤.–º","6-—Ç–∏ –µ—Ç., –¢–ï–¶, –ü—Ä–æ—Å—Ç–æ—Ä–µ–Ω –º–µ–∑–æ–Ω–µ—Ç –≤ –õ–æ–∑–µ–Ω–µ—Ü –ê–º—Ä–∏—Ç–∞ –ò–º–æ—Ç–∏ –ø—Ä–µ–¥–ª–∞–≥–∞ –ª—É–∫—Å–æ–∑–µ–Ω –¥–≤—É–µ—Ç–∞–∂–µ–Ω –º–µ–∑–æ–Ω–µ—Ç, —Ä–∞–∑–ø–æ–ª–æ–∂–µ–Ω –≤ –ø—Ä–µ—Å—Ç–∏–∂–Ω–∞ ...",https://www.imoti.com/obiava/77154688/prodava-mezonet-grad-sofiya-lozenets,02/4048888,https://www.imoti.com/prodazhbi/grad-sofiya/mezoneti?sraion=86~4~14~15~6101~146~147~21~22~23~32~120~57~132~60~72~80~81~85~,2026-01-21T18:15:30.957969
800 000 ‚Ç¨1 564 664 –ª–≤.–¶–µ–Ω–∞—Ç–∞ –µ —Å –≤–∫–ª—é—á–µ–Ω–æ –î–î–°,–ü—Ä–æ–¥–∞–≤–∞  –ú–µ–∑–æ–Ω–µ—Ç,"–≥—Ä–∞–¥ –°–æ—Ñ–∏—è, –õ–æ–∑–µ–Ω–µ—Ü","–≥—Ä–∞–¥ –°–æ—Ñ–∏—è, –õ–æ–∑–µ–Ω–µ—Ü
227 –∫–≤.–º","6-—Ç–∏ –µ—Ç., First Estates –í–∏ –ø—Ä–µ–¥—Å—Ç–∞–≤—è –∏–∑–∏—Å–∫–∞–Ω –∏ –º–æ–¥–µ—Ä–µ–Ω –Ω–µ–æ–±–∑–∞–≤–µ–¥–µ–Ω –º–µ–∑–æ–Ω–µ—Ç –Ω–∞ —Ç–∏—Ö–∞ —É–ª–∏—Ü–∞ –≤ –õ–æ–∑–µ–Ω–µ—Ü. –°–≥—Ä–∞–¥–∞—Ç–∞ –µ ...",https://www.imoti.com/obiava/60908631/prodava-mezonet-grad-sofiya-lozenets,070015151,https://www.imoti.com/prodazhbi/grad-sofiya/mezoneti?sraion=86~4~14~15~6101~146~147~21~22~23~32~120~57~132~60~72~80~81~85~,2026-01-21T18:15:30.958308
"819 765 ‚Ç¨1 603 320,98 –ª–≤.–¶–µ–Ω–∞—Ç–∞ –µ —Å –≤–∫–ª—é—á–µ–Ω–æ –î–î–°",–ü—Ä–æ–¥–∞–≤–∞  –ú–µ–∑–æ–Ω–µ—Ç,"–≥—Ä–∞–¥ –°–æ—Ñ–∏—è, –õ–æ–∑–µ–Ω–µ—Ü","–≥—Ä–∞–¥ –°–æ—Ñ–∏—è, –õ–æ–∑–µ–Ω–µ—Ü
182 –∫–≤.–º","4-—Ç–∏ –µ—Ç., –êRCO REAL ESTATE –ø—Ä–æ–¥–∞–≤–∞ –ø–∞–Ω–æ—Ä–∞–º–µ–Ω –º–Ω–æ–≥–æ—Å—Ç–∞–µ–Ω –∞–ø–∞—Ä—Ç–∞–º–µ–Ω—Ç –Ω–∞ –¥–≤–µ –Ω–∏–≤–∞, –≤ –Ω–æ–≤–æ—Å—Ç—Ä–æ—è—â–∞ —Å–µ –∂–∏–ª–∏—â–Ω–∞ —Å–≥—Ä–∞–¥ ...",https://www.imoti.com/obiava/17586106/prodava-mezonet-grad-sofiya-lozenets,0878018203,https://www.imoti.com/prodazhbi/grad-sofiya/mezoneti?sraion=86~4~14~15~6101~146~147~21~22~23~32~120~57~132~60~72~80~81~85~,2026-01-21T18:15:30.958647
"826 000 ‚Ç¨1 615 515,58 –ª–≤.–ù–µ —Å–µ –Ω–∞—á–∏—Å–ª—è–≤–∞ –î–î–°",–ü—Ä–æ–¥–∞–≤–∞  –ú–µ–∑–æ–Ω–µ—Ç,"–≥—Ä–∞–¥ –°–æ—Ñ–∏—è, –õ–æ–∑–µ–Ω–µ—Ü","–≥—Ä–∞–¥ –°–æ—Ñ–∏—è, –õ–æ–∑–µ–Ω–µ—Ü
236 –∫–≤.–º","6-—Ç–∏ –µ—Ç., –ë—Ä–µ–π–Ω –¢—Ä—ä—Å—Ç –∏–º–∞ —É–¥–æ–≤–æ–ª—Å—Ç–≤–∏–µ—Ç–æ –¥–∞ –ø—Ä–µ–¥–ª–æ–∂–∏ –ø—Ä–µ–∫—Ä–∞—Å–Ω–æ –∂–∏–ª–∏—â–µ —Å –ø–∞–Ω–æ—Ä–∞–º–Ω–∏ –≥–ª–µ–¥–∫–∏ –∫—ä–º —Ü—è–ª–∞ –°–æ—Ñ–∏—è –∏ –í–∏—Ç–æ—à ...",https://www.imoti.com/obiava/63800553/prodava-mezonet-grad-sofiya-lozenets,02 439 4000,https://www.imoti.com/prodazhbi/grad-sofiya/mezoneti?sraion=86~4~14~15~6101~146~147~21~22~23~32~120~57~132~60~72~80~81~85~,2026-01-21T18:15:30.958997
"1 111 080 ‚Ç¨2 173 083,60 –ª–≤.–¶–µ–Ω–∞—Ç–∞ –µ —Å –≤–∫–ª—é—á–µ–Ω–æ –î–î–°",–ü—Ä–æ–¥–∞–≤–∞  –ú–µ–∑–æ–Ω–µ—Ç,"–≥—Ä–∞–¥ –°–æ—Ñ–∏—è, –õ–æ–∑–µ–Ω–µ—Ü","–≥—Ä–∞–¥ –°–æ—Ñ–∏—è, –õ–æ–∑–µ–Ω–µ—Ü
180 –∫–≤.–º","11-—Ç–∏ –µ—Ç., –ì–ê–ó, LUXIMMO FINEST ESTATES: www.luximmo.bg–°–≥—Ä–∞–¥–∞—Ç–∞ –µ —Å –≤–∑–µ—Ç –ê–∫—Ç 16!–ò–º–∞–º–µ —É–¥–æ–≤–æ–ª—Å—Ç–≤–∏–µ—Ç–æ –¥–∞ –≤–∏ –ø—Ä–µ–¥–ª–æ–∂–∏–º –ª ...",https://www.imoti.com/obiava/89224292/prodava-mezonet-grad-sofiya-lozenets,0988154584,https://www.imoti.com/prodazhbi/grad-sofiya/mezoneti?sraion=86~4~14~15~6101~146~147~21~22~23~32~120~57~132~60~72~80~81~85~,2026-01-21T18:15:30.959331
"1 111 080 ‚Ç¨2 173 083,60 –ª–≤.–¶–µ–Ω–∞—Ç–∞ –µ —Å –≤–∫–ª—é—á–µ–Ω–æ –î–î–°",–ü—Ä–æ–¥–∞–≤–∞  –ú–µ–∑–æ–Ω–µ—Ç,"–≥—Ä–∞–¥ –°–æ—Ñ–∏—è, –õ–æ–∑–µ–Ω–µ—Ü","–≥—Ä–∞–¥ –°–æ—Ñ–∏—è, –õ–æ–∑–µ–Ω–µ—Ü
180 –∫–≤.–º","11-—Ç–∏ –µ—Ç., –ì–ê–ó, Stonehard PREMIER: www.stonehardpremier.bg–ú–æ–ª—è, –∫–∞–∂–µ—Ç–µ, —á–µ —Å—Ç–µ –≤–∏–¥e–ª–∏ –æ–±—è–≤–∞—Ç–∞ –≤ —Ç–æ–∑–∏ —Å–∞–π—Ç.–†–µ—Ñ–µ—Ä–µ–Ω—Ç–µ–Ω ...",https://www.imoti.com/obiava/25796278/prodava-mezonet-grad-sofiya-lozenets,0889007010,https://www.imoti.com/prodazhbi/grad-sofiya/mezoneti?sraion=86~4~14~15~6101~146~147~21~22~23~32~120~57~132~60~72~80~81~85~,2026-01-21T18:15:30.959665
"1 372 000 ‚Ç¨2 683 398,76 –ª–≤.–ù–µ —Å–µ –Ω–∞—á–∏—Å–ª—è–≤–∞ –î–î–°",–ü—Ä–æ–¥–∞–≤–∞  –ú–µ–∑–æ–Ω–µ—Ç,"–≥—Ä–∞–¥ –°–æ—Ñ–∏—è, –õ–æ–∑–µ–Ω–µ—Ü","–≥—Ä–∞–¥ –°–æ—Ñ–∏—è, –õ–æ–∑–µ–Ω–µ—Ü
391 –∫–≤.–º","6-—Ç–∏ –µ—Ç., –¢–ï–¶, –ï–∫—Å–∫–ª—É–∑–∏–≤–Ω–æ –ø—Ä–µ–¥–ª–æ–∂–µ–Ω–∏–µ —Ç—Ä–∏–µ—Ç–∞–∂–µ–Ω –º–µ–∑–æ–Ω–µ—Ç —Å —á–∞—Å—Ç–µ–Ω –ø–æ–∫—Ä–∏–≤ –≤ –õ–æ–∑–µ–Ω–µ—Ü–ê–º—Ä–∏—Ç–∞ –ò–º–æ—Ç–∏ –ø—Ä–µ–¥–ª–∞–≥–∞ —É–Ω–∏–∫–∞–ª–µ–Ω –º–µ ...",https://www.imoti.com/obiava/68595015/prodava-mezonet-grad-sofiya-lozenets,0885600523,https://www.imoti.com/prodazhbi/grad-sofiya/mezoneti?sraion=86~4~14~15~6101~146~147~21~22~23~32~120~57~132~60~72~80~81~85~,2026-01-21T18:15:30.960019
1 400 000 ‚Ç¨2 738 162 –ª–≤.–ù–µ —Å–µ –Ω–∞—á–∏—Å–ª—è–≤–∞ –î–î–°,–ü—Ä–æ–¥–∞–≤–∞  –ú–µ–∑–æ–Ω–µ—Ç,"–≥—Ä–∞–¥ –°–æ—Ñ–∏—è, –õ–æ–∑–µ–Ω–µ—Ü","–≥—Ä–∞–¥ –°–æ—Ñ–∏—è, –õ–æ–∑–µ–Ω–µ—Ü
406 –∫–≤.–º","6-—Ç–∏ –µ—Ç., –ë—Ä–µ–π–Ω –¢—Ä—ä—Å—Ç –ø—Ä–µ–¥–ª–∞–≥–∞ –µ–ª–µ–≥–∞–Ω—Ç–µ–Ω –ø–µ–Ω—Ç—Ö–∞—É—Å —Å 360 –≥—Ä–∞–¥—É—Å–∞ –ø–∞–Ω–æ—Ä–∞–º–Ω–∏ –≥–ª–µ–¥–∫–∏ –∫—ä–º —Ü—è–ª–∞ –°–æ—Ñ–∏—è –∏ –í–∏—Ç–æ—à–∞, —Ä–∞–∑–ø ...",https://www.imoti.com/obiava/15654975/prodava-mezonet-grad-sofiya-lozenets,02 439 4000,https://www.imoti.com/prodazhbi/grad-sofiya/mezoneti?sraion=86~4~14~15~6101~146~147~21~22~23~32~120~57~132~60~72~80~81~85~,2026-01-21T18:15:30.960358
1 400 000 ‚Ç¨2 738 162 –ª–≤.–¶–µ–Ω–∞—Ç–∞ –µ —Å –≤–∫–ª—é—á–µ–Ω–æ –î–î–°,–ü—Ä–æ–¥–∞–≤–∞  –ú–µ–∑–æ–Ω–µ—Ç,"–≥—Ä–∞–¥ –°–æ—Ñ–∏—è, –õ–æ–∑–µ–Ω–µ—Ü","–≥—Ä–∞–¥ –°–æ—Ñ–∏—è, –õ–æ–∑–µ–Ω–µ—Ü
392 –∫–≤.–º","6-—Ç–∏ –µ—Ç., First Estates –í–∏ –ø—Ä–µ–¥—Å—Ç–∞–≤—è –∏–∑–∏—Å–∫–∞–Ω –∏ –º–æ–¥–µ—Ä–µ–Ω —Ç—Ä–∏–µ—Ç–∞–∂–µ–Ω –º–µ–∑–æ–Ω–µ—Ç –Ω–∞ —Ç–∏—Ö–∞ —É–ª–∏—Ü–∞ –≤ –õ–æ–∑–µ–Ω–µ—Ü.–°–≥—Ä–∞–¥–∞—Ç–∞ –µ –æ—Ç ...",https://www.imoti.com/obiava/94757804/prodava-mezonet-grad-sofiya-lozenets,070015151,https://www.imoti.com/prodazhbi/grad-sofiya/mezoneti?sraion=86~4~14~15~6101~146~147~21~22~23~32~120~57~132~60~72~80~81~85~,2026-01-21T18:15:32.788616
1 500 000 ‚Ç¨2 933 745 –ª–≤.–ù–µ —Å–µ –Ω–∞—á–∏—Å–ª—è–≤–∞ –î–î–°,–ü—Ä–æ–¥–∞–≤–∞  –ú–µ–∑–æ–Ω–µ—Ç,"–≥—Ä–∞–¥ –°–æ—Ñ–∏—è, –õ–æ–∑–µ–Ω–µ—Ü","–≥—Ä–∞–¥ –°–æ—Ñ–∏—è, –õ–æ–∑–µ–Ω–µ—Ü
502 –∫–≤.–º","7-–º–∏ –µ—Ç., –¢–ï–¶, –ü–ï–ù–¢–•–ê–£–° –° 3 –ì–ê–†–ê–ñ–ê –í –¶–ï–ù–ê–¢–ê! –ü–†–ï–ö–†–ê–°–ï–ù –ò–ó–ì–õ–ï–î –ö–™–ú –í–ò–¢–û–®–ê! –î–û –ü–ê–†–ö! –ù–∞–¥–∏–ª–µ–Ω–∞ —Ä–∏—ä–ª –µ—Å—Ç–µ–π—Ç—Å –ø—Ä–µ–¥–ª–∞–≥–∞ –∑ ...",https://www.imoti.com/obiava/29318294/prodava-mezonet-grad-sofiya-lozenets,0888788420,https://www.imoti.com/prodazhbi/grad-sofiya/mezoneti?sraion=86~4~14~15~6101~146~147~21~22~23~32~120~57~132~60~72~80~81~85~,2026-01-21T18:15:32.788983
"1 663 200 ‚Ç¨3 252 936,46 –ª–≤.–¶–µ–Ω–∞—Ç–∞ –µ –±–µ–∑ –î–î–°",–ü—Ä–æ–¥–∞–≤–∞  –ú–µ–∑–æ–Ω–µ—Ç,"–≥—Ä–∞–¥ –°–æ—Ñ–∏—è, –õ–æ–∑–µ–Ω–µ—Ü","–≥—Ä–∞–¥ –°–æ—Ñ–∏—è, –õ–æ–∑–µ–Ω–µ—Ü
504 –∫–≤.–º","5-—Ç–∏ –µ—Ç., –¢–ï–¶, BULGARIA SOTHEBY‚ÄôS INTERNATIONAL REALTY –ø—Ä–µ–¥—Å—Ç–∞–≤—è –Ω–∞ –í–∞—à–µ—Ç–æ –≤–Ω–∏–º–∞–Ω–∏–µ –º–µ–∑–æ–Ω–µ—Ç –≤ –Ω–æ–≤–∞ –º–æ–Ω–æ–ª–∏—Ç–Ω–∞  ...",https://www.imoti.com/obiava/71252430/prodava-mezonet-grad-sofiya-lozenets,02/9632460,https://www.imoti.com/prodazhbi/grad-sofiya/mezoneti?sraion=86~4~14~15~6101~146~147~21~22~23~32~120~57~132~60~72~80~81~85~,2026-01-21T18:15:32.789325
"215 000 ‚Ç¨420 503,45 –ª–≤.–ù–µ —Å–µ –Ω–∞—á–∏—Å–ª—è–≤–∞ –î–î–°",–ü—Ä–æ–¥–∞–≤–∞  –ú–µ–∑–æ–Ω–µ—Ç,"–≥—Ä–∞–¥ –°–æ—Ñ–∏—è, –û–±–æ—Ä–∏—â–µ","–≥—Ä–∞–¥ –°–æ—Ñ–∏—è, –û–±–æ—Ä–∏—â–µ
89 –∫–≤.–º","8-–º–∏ –µ—Ç., –¢–ï–¶, –ù–æ–≤ –ø–∞–Ω–æ—Ä–∞–º–µ–Ω —Ç—Ä–∏—Å—Ç–∞–µ–Ω –º–µ–∑–æ–Ω–µ—Ç –¥–æ –ø–ª. –†–æ–¥–∏–Ω–∞ –≤ —Å–≥—Ä–∞–¥–∞ —Å –ê–∫—Ç 16 –æ—Ç 2022 –≥. –ù–∞–º–∏—Ä–∞ —Å–µ –¥–æ —É–ª. –ß–µ—Ä–∫–æ–≤–Ω–∞, ...",https://www.imoti.com/obiava/62392419/prodava-mezonet-grad-sofiya-oborishte,0878928703,https://www.imoti.com/prodazhbi/grad-sofiya/mezoneti?sraion=86~4~14~15~6101~146~147~21~22~23~32~120~57~132~60~72~80~81~85~,2026-01-21T18:15:32.789665
"441 600 ‚Ç¨863 694,53 –ª–≤.–ù–µ —Å–µ –Ω–∞—á–∏—Å–ª—è–≤–∞ –î–î–°",–ü—Ä–æ–¥–∞–≤–∞  –ú–µ–∑–æ–Ω–µ—Ç,"–≥—Ä–∞–¥ –°–æ—Ñ–∏—è, –û–±–æ—Ä–∏—â–µ","–≥—Ä–∞–¥ –°–æ—Ñ–∏—è, –û–±–æ—Ä–∏—â–µ
138 –∫–≤.–º","6-—Ç–∏ –µ—Ç., - –°—Ç–∞—Ä—Ç–∏—Ä–∞—â–æ —Å—Ç—Ä–æ–∏—Ç–µ–ª—Å—Ç–≤–æ –Ω–∞ –∏–∑–∏—Å–∫–∞–Ω–∞ –Ω–æ–≤–∞ —Å–≥—Ä–∞–¥–∞ –≤ —Ä–∞–π–æ–Ω–∞ –Ω–∞ —É–ª. –î—Ä–∞–≥–æ–≤–∏—Ü–∞ , –≤ –±–ª–∏–∑–æ—Å—Ç –¥–æ mall ' –°–µ ...",https://www.imoti.com/obiava/24019956/prodava-mezonet-grad-sofiya-oborishte,0877 613 094,https://www.imoti.com/prodazhbi/grad-sofiya/mezoneti?sraion=86~4~14~15~6101~146~147~21~22~23~32~120~57~132~60~72~80~81~85~,2026-01-21T18:15:32.790020
"549 000 ‚Ç¨1 073 750,67 –ª–≤.–ù–µ —Å–µ –Ω–∞—á–∏—Å–ª—è–≤–∞ –î–î–°",–ü—Ä–æ–¥–∞–≤–∞  –ú–µ–∑–æ–Ω–µ—Ç,"–≥—Ä–∞–¥ –°–æ—Ñ–∏—è, –û–±–æ—Ä–∏—â–µ","–≥—Ä–∞–¥ –°–æ—Ñ–∏—è, –û–±–æ—Ä–∏—â–µ
200 –∫–≤.–º","5-—Ç–∏ –µ—Ç., –¢–ï–¶, –û–ë–ó–ê–í–ï–î–ï–ù! –û–ë–û–†–ò–©–ï! –ê–ö–¢ 16! –ú–ï–ó–û–ù–ï–¢! –ú–ï–¢–†–û–°–¢–ê–ù–¶–ò–Ø!  –ê—Å–µ–Ω–æ–≤ –ò–º–æ—Ç–∏   –í–∏ –ø—Ä–µ–¥–ª–∞–≥–∞ –≥–æ—Ç–æ–≤ –∑–∞ –∂–∏–≤–µ–µ–Ω–µ –∏ –æ–± ...",https://www.imoti.com/obiava/58181791/prodava-mezonet-grad-sofiya-oborishte,0890120120,https://www.imoti.com/prodazhbi/grad-sofiya/mezoneti?sraion=86~4~14~15~6101~146~147~21~22~23~32~120~57~132~60~72~80~81~85~,2026-01-21T18:15:32.790361
"549 000 ‚Ç¨1 073 750,67 –ª–≤.–ù–µ —Å–µ –Ω–∞—á–∏—Å–ª—è–≤–∞ –î–î–°",–ü—Ä–æ–¥–∞–≤–∞  –ú–µ–∑–æ–Ω–µ—Ç,"–≥—Ä–∞–¥ –°–æ—Ñ–∏—è, –û–±–æ—Ä–∏—â–µ","–≥—Ä–∞–¥ –°–æ—Ñ–∏—è, –û–±–æ—Ä–∏—â–µ
200 –∫–≤.–º","5-—Ç–∏ –µ—Ç., –¢–ï–¶, –ï–ö–°–ö–õ–£–ó–ò–í–ï–ù –ù–ê–ü–™–õ–ù–û –û–ë–ó–ê–í–ï–î–ï–ù,–ì–û–¢–û–í –ó–ê –ù–ê–ù–ê–°–Ø–ù–ï –ú–ï–ó–û–ù–ï–¢ –° –ü–ê–ù–û–†–ê–ú–ù–ê –ì–õ–ï–î–ö–ê –í –°–™–†–¶–ï–¢–û –ù–ê –û–ë–û–†–ò–©–ï!–ü—Ä–µ–¥ ...",https://www.imoti.com/obiava/86938430/prodava-mezonet-grad-sofiya-oborishte,0888006716,https://www.imoti.com/prodazhbi/grad-sofiya/mezoneti?sraion=86~4~14~15~6101~146~147~21~22~23~32~120~57~132~60~72~80~81~85~,2026-01-21T18:15:32.790698
"877 790 ‚Ç¨1 716 808,02 –ª–≤.–ù–µ —Å–µ –Ω–∞—á–∏—Å–ª—è–≤–∞ –î–î–°",–ü—Ä–æ–¥–∞–≤–∞  –ú–µ–∑–æ–Ω–µ—Ç,"–≥—Ä–∞–¥ –°–æ—Ñ–∏—è, –û–±–æ—Ä–∏—â–µ","–≥—Ä–∞–¥ –°–æ—Ñ–∏—è, –û–±–æ—Ä–∏—â–µ
230 –∫–≤.–º","7-–º–∏ –µ—Ç., –¢–ï–¶, –ü–†–û–î–ê–í–ê –ú–ï–ó–û–ù–ï–¢ –≤ –µ–¥–∏–Ω –æ—Ç –Ω–∞–π-—Ö—É–±–∞–≤–∏—Ç–µ —Ä–∞–π–æ–Ω–∏ –Ω–∞ –≥—Ä. –°–æ—Ñ–∏—è. –†–ê–ó–ü–†–ï–î–ï–õ–ï–ù–ò–ï: –ü–™–†–í–ò –ï–¢–ê–ñ - –∫–æ—Ä–∏–¥–æ—Ä, –±–∞–Ω ...",https://www.imoti.com/obiava/44591851/prodava-mezonet-grad-sofiya-oborishte,0898420247,https://www.imoti.com/prodazhbi/grad-sofiya/mezoneti?sraion=86~4~14~15~6101~146~147~21~22~23~32~120~57~132~60~72~80~81~85~,2026-01-21T18:15:32.791047
"1 962 000 ‚Ç¨3 837 338,46 –ª–≤.–¶–µ–Ω–∞—Ç–∞ –µ —Å –≤–∫–ª—é—á–µ–Ω–æ –î–î–°",–ü—Ä–æ–¥–∞–≤–∞  –ú–µ–∑–æ–Ω–µ—Ç,"–≥—Ä–∞–¥ –°–æ—Ñ–∏—è, –û–±–æ—Ä–∏—â–µ","–≥—Ä–∞–¥ –°–æ—Ñ–∏—è, –û–±–æ—Ä–∏—â–µ
467 –∫–≤.–º","13-—Ç–∏ –µ—Ç., –¢–ï–¶, First Estates –∏–º–∞ –æ–≥—Ä–æ–º–Ω–æ—Ç–æ —É–¥–æ–≤–æ–ª—Å—Ç–≤–∏–µ –¥–∞ –í–∏ –ø—Ä–µ–¥—Å—Ç–∞–≤–∏ –Ω–∞–π-–Ω–æ–≤–∏—è –ª—É–∫—Å–æ–∑–µ–Ω –∂–∏–ª–∏—â–µ–Ω –∫–æ–º–ø–ª–µ–∫—Å, —Å–≥—É—à–µ–Ω  ...",https://www.imoti.com/obiava/34162845/prodava-mezonet-grad-sofiya-oborishte,070015151,https://www.imoti.com/prodazhbi/grad-sofiya/mezoneti?sraion=86~4~14~15~6101~146~147~21~22~23~32~120~57~132~60~72~80~81~85~,2026-01-21T18:15:32.791378
–¶–µ–Ω–∞ –ø—Ä–∏ –∑–∞–ø–∏—Ç–≤–∞–Ω–µ,–ü—Ä–æ–¥–∞–≤–∞  –ú–µ–∑–æ–Ω–µ—Ç,"–≥—Ä–∞–¥ –°–æ—Ñ–∏—è, –û–±–æ—Ä–∏—â–µ","–≥—Ä–∞–¥ –°–æ—Ñ–∏—è, –û–±–æ—Ä–∏—â–µ
350 –∫–≤.–º","6-—Ç–∏ –µ—Ç., –¢–ï–¶, –†–µ—Ñ–µ—Ä–µ–Ω—Ç–µ–Ω –Ω–æ–º–µ—Ä  24824DELUXE REALTY –∏–º–∞ —É–¥–æ–≤–æ–ª—Å—Ç–≤–∏–µ—Ç–æ –¥–∞ –í–∏ –ø—Ä–µ–¥—Å—Ç–∞–≤–∏ —É–Ω–∏–∫–∞–ª–µ–Ω –ª—É–∫—Å–æ–∑–Ω–æ –æ–±–∑–∞–≤–µ–¥–µ–Ω –º ...",https://www.imoti.com/obiava/77793518/prodava-mezonet-grad-sofiya-oborishte,0883 093 093,https://www.imoti.com/prodazhbi/grad-sofiya/mezoneti?sraion=86~4~14~15~6101~146~147~21~22~23~32~120~57~132~60~72~80~81~85~,2026-01-21T18:15:32.791683
"215 000 ‚Ç¨420 503,45 –ª–≤.–ù–µ —Å–µ –Ω–∞—á–∏—Å–ª—è–≤–∞ –î–î–°",–ü—Ä–æ–¥–∞–≤–∞  –ú–µ–∑–æ–Ω–µ—Ç,"–≥—Ä–∞–¥ –°–æ—Ñ–∏—è, –ü–æ–¥—É—è–Ω–µ","–≥—Ä–∞–¥ –°–æ—Ñ–∏—è, –ü–æ–¥—É—è–Ω–µ
89 –∫–≤.–º","8-–º–∏ –µ—Ç., –¢–ï–¶, –ù–æ–≤ –ø–∞–Ω–æ—Ä–∞–º–µ–Ω —Ç—Ä–∏—Å—Ç–∞–µ–Ω –º–µ–∑–æ–Ω–µ—Ç –¥–æ –ø–ª. –†–æ–¥–∏–Ω–∞ –≤ —Å–≥—Ä–∞–¥–∞ —Å –ê–∫—Ç 16 –æ—Ç 2022 –≥. –ù–∞–º–∏—Ä–∞ —Å–µ –¥–æ —É–ª. –ß–µ—Ä–∫–æ–≤–Ω–∞, ...",https://www.imoti.com/obiava/32568945/prodava-mezonet-grad-sofiya-poduyane,0878928703,https://www.imoti.com/prodazhbi/grad-sofiya/mezoneti?sraion=86~4~14~15~6101~146~147~21~22~23~32~120~57~132~60~72~80~81~85~,2026-01-21T18:15:32.792037
700 000 ‚Ç¨1 369 081 –ª–≤.–ù–µ —Å–µ –Ω–∞—á–∏—Å–ª—è–≤–∞ –î–î–°,–ü—Ä–æ–¥–∞–≤–∞  –ú–µ–∑–æ–Ω–µ—Ç,"–≥—Ä–∞–¥ –°–æ—Ñ–∏—è, –ü–æ–¥—É—è–Ω–µ","–≥—Ä–∞–¥ –°–æ—Ñ–∏—è, –ü–æ–¥—É—è–Ω–µ
183 –∫–≤.–º","3-—Ç–∏ –µ—Ç., –ê–≥–µ–Ω—Ü–∏—è –ö–∏–±–µ–ª–∞ –ø—Ä–µ–¥–ª–∞–≥–∞ –º–µ–∑–æ–Ω–µ—Ç, —Å —Ä–∞–∑–ø—Ä–µ–¥–µ–ª–µ–Ω–∏–µ: –Ω–∞ –ø—ä—Ä–≤–æ—Ç–æ –Ω–∏–≤–æ –µ —Ä–∞–∑–ø–æ–ª–æ–∂–µ–Ω–∞ –ø—Ä–æ—Å—Ç–æ—Ä–Ω–∞ —Ç—Ä–∞–ø–µ–∑–∞—Ä–∏—è ...",https://www.imoti.com/obiava/91989711/prodava-mezonet-grad-sofiya-poduyane,0893372070,https://www.imoti.com/prodazhbi/grad-sofiya/mezoneti?sraion=86~4~14~15~6101~146~147~21~22~23~32~120~57~132~60~72~80~81~85~,2026-01-21T18:15:32.792371
"465 000 ‚Ç¨909 460,95 –ª–≤.–¶–µ–Ω–∞—Ç–∞ –µ —Å –≤–∫–ª—é—á–µ–Ω–æ –î–î–°",–ü—Ä–æ–¥–∞–≤–∞  –ú–µ–∑–æ–Ω–µ—Ç,"–≥—Ä–∞–¥ –°–æ—Ñ–∏—è, –°—Ç—Ä–µ–ª–±–∏—â–µ","–≥—Ä–∞–¥ –°–æ—Ñ–∏—è, –°—Ç—Ä–µ–ª–±–∏—â–µ
183 –∫–≤.–º","'–ü—ä—Ä–≤–∞ –ò–Ω–≤–µ—Å—Ç–∏—Ü–∏–æ–Ω–Ω–∞ –ë–∞–Ω–∫–∞' –ê–î –ø—Ä–µ–¥–ª–∞–≥–∞ –∑–∞ –ø—Ä–æ–¥–∞–∂–±–∞: –ú–µ–∑–æ–Ω–µ—Ç–ê–¥—Ä–µ—Å: –≥—Ä. –°–æ—Ñ–∏—è, –∂.–∫. –°—Ç—Ä–µ–ª–±–∏—â–µ, —É–ª. –õ–µ ...",https://www.imoti.com/obiava/19747673/prodava-mezonet-grad-sofiya-strelbishte,028002182,https://www.imoti.com/prodazhbi/grad-sofiya/mezoneti?sraion=86~4~14~15~6101~146~147~21~22~23~32~120~57~132~60~72~80~81~85~,2026-01-21T18:15:32.792706
"1 104 425 ‚Ç¨2 160 067,55 –ª–≤.–¶–µ–Ω–∞—Ç–∞ –µ —Å –≤–∫–ª—é—á–µ–Ω–æ –î–î–°",–ü—Ä–æ–¥–∞–≤–∞  –ú–µ–∑–æ–Ω–µ—Ç,"–≥—Ä–∞–¥ –°–æ—Ñ–∏—è, –°—Ç—Ä–µ–ª–±–∏—â–µ","–≥—Ä–∞–¥ –°–æ—Ñ–∏—è, –°—Ç—Ä–µ–ª–±–∏—â–µ
316 –∫–≤.–º","8-–º–∏ –µ—Ç., –ë–∏–ª–¥–∏–Ω–≥ –ë–æ–∫—Å –ø—Ä–µ–¥–ª–∞–≥–∞ –∑–∞ –ø—Ä–æ–¥–∞–∂–±–∞ –º–Ω–æ–≥–æ—Å—Ç–∞–µ–Ω –º–µ–∑–æ–Ω–µ—Ç –Ω–∞—Ö–æ–¥—è—â —Å–µ –Ω–∞ 7-–º–∏ –∏ 8-–º–∏ –Ω–∞–¥–ø–∞—Ä—Ç–µ—Ä–Ω–∏ –µ—Ç–∞–∂–∏ –≤ –∫ ...",https://www.imoti.com/obiava/64180582/prodava-mezonet-grad-sofiya-strelbishte,0879900994,https://www.imoti.com/prodazhbi/grad-sofiya/mezoneti?sraion=86~4~14~15~6101~146~147~21~22~23~32~120~57~132~60~72~80~81~85~,2026-01-21T18:15:32.793080
"1 254 000 ‚Ç¨2 452 610,82 –ª–≤.–¶–µ–Ω–∞—Ç–∞ –µ —Å –≤–∫–ª—é—á–µ–Ω–æ –î–î–°",–ü—Ä–æ–¥–∞–≤–∞  –ú–µ–∑–æ–Ω–µ—Ç,"–≥—Ä–∞–¥ –°–æ—Ñ–∏—è, –°—Ç—Ä–µ–ª–±–∏—â–µ","–≥—Ä–∞–¥ –°–æ—Ñ–∏—è, –°—Ç—Ä–µ–ª–±–∏—â–µ
380 –∫–≤.–º","8-–º–∏ –µ—Ç., –¢–ï–¶, –ù–û–í–û–°–¢–†–û–Ø–©–ê –°–ï –õ–£–ö–°–û–ó–ù–ê –ñ–ò–õ–ò–©–ù–ê –°–ì–†–ê–î–ê –Ω–∞ —É–ª. –ù–∏—à–∞–≤–∞ –≤ –∫–≤.–°—Ç—Ä–µ–ª–±–∏—â–µ. –ú–Ω–æ–≥–æ –∑–µ–ª–µ–Ω, –ø—Ä–∏—è—Ç–µ–Ω –∏ –¥–æ–±—Ä–µ —É—Ä ...",https://www.imoti.com/obiava/11553332/prodava-mezonet-grad-sofiya-strelbishte,0887219224,https://www.imoti.com/prodazhbi/grad-sofiya/mezoneti?sraion=86~4~14~15~6101~146~147~21~22~23~32~120~57~132~60~72~80~81~85~,2026-01-21T18:15:32.793416
"299 750 ‚Ç¨586 260,04 –ª–≤.–¶–µ–Ω–∞—Ç–∞ –µ —Å –≤–∫–ª—é—á–µ–Ω–æ –î–î–°",–ü—Ä–æ–¥–∞–≤–∞  –ú–µ–∑–æ–Ω–µ—Ç,"–≥—Ä–∞–¥ –°–æ—Ñ–∏—è, –•–ª–∞–¥–∏–ª–Ω–∏–∫–∞","–≥—Ä–∞–¥ –°–æ—Ñ–∏—è, –•–ª–∞–¥–∏–ª–Ω–∏–∫–∞
120 –∫–≤.–º","5-—Ç–∏ –µ—Ç., –¢–ï–¶, –ü–ï–†–§–ï–ö–¢–ù–ê –õ–û–ö–ê–¶–ò–Ø! –ü–†–ï–ö–†–ê–°–ù–ê –ü–ê–ù–û–†–ê–ú–ù–ê –ì–õ–ï–î–ö–ê.–Æ–ñ–ï–ù –ü–ê–†–ö, –ú–û–õ –ü–ê–†–ê–î–ê–ô–°, –º–µ—Ç—Ä–æ—Å—Ç–∞–Ω—Ü–∏—è –í–ò–¢–û–®–ê,–°–ü–ò–†–ö–ò –Ω–∞ ...",https://www.imoti.com/obiava/49875480/prodava-mezonet-grad-sofiya-hladilnika,0895539823,https://www.imoti.com/prodazhbi/grad-sofiya/mezoneti?sraion=86~4~14~15~6101~146~147~21~22~23~32~120~57~132~60~72~80~81~85~,2026-01-21T18:15:32.793747
400 000 ‚Ç¨782 332 –ª–≤.–ù–µ —Å–µ –Ω–∞—á–∏—Å–ª—è–≤–∞ –î–î–°,–ü—Ä–æ–¥–∞–≤–∞  –ú–µ–∑–æ–Ω–µ—Ç,"–≥—Ä–∞–¥ –°–æ—Ñ–∏—è, –•–ª–∞–¥–∏–ª–Ω–∏–∫–∞","–≥—Ä–∞–¥ –°–æ—Ñ–∏—è, –•–ª–∞–¥–∏–ª–Ω–∏–∫–∞
156 –∫–≤.–º","1-–≤–∏ –µ—Ç., –ì–ê–ó, –õ–æ–∫.–æ—Ç–æ–ø–ª., –ú–Ω–æ–≥–æ—Å—Ç–∞–µ–Ω –º–µ–∑–æ–Ω–µ—Ç –≤ –º–∞–ª–∫–∞ —Ç—É—Ö–ª–µ–Ω–∞ —Å–≥—Ä–∞–¥–∞ –æ—Ç 2006–≥. –ò–º–æ—Ç—ä—Ç –∏–º–∞ —Å–ª–µ–¥–Ω–æ—Ç–æ —Ä–∞–∑–ø—Ä–µ–¥–µ–ª–µ–Ω–∏–µ: 1 –Ω–∏–≤–æ: –¥–Ω–µ–≤–Ω ...",https://www.imoti.com/obiava/96323175/prodava-mezonet-grad-sofiya-hladilnika,0898414272,https://www.imoti.com/prodazhbi/grad-sofiya/mezoneti?sraion=86~4~14~15~6101~146~147~21~22~23~32~120~57~132~60~72~80~81~85~,2026-01-21T18:15:32.794095
"480 000 ‚Ç¨938 798,40 –ª–≤.–ù–µ —Å–µ –Ω–∞—á–∏—Å–ª—è–≤–∞ –î–î–°",–ü—Ä–æ–¥–∞–≤–∞  –ú–µ–∑–æ–Ω–µ—Ç,"–≥—Ä–∞–¥ –°–æ—Ñ–∏—è, –•–ª–∞–¥–∏–ª–Ω–∏–∫–∞","–≥—Ä–∞–¥ –°–æ—Ñ–∏—è, –•–ª–∞–¥–∏–ª–Ω–∏–∫–∞
185 –∫–≤.–º","6-—Ç–∏ –µ—Ç., –¢–ï–¶, –î–æ –¥–≤–∞ –ø–∞—Ä–∫–∞ –∏ –º–µ—Ç—Ä–æ—Å—Ç–∞–Ω—Ü–∏—è. –£–Ω–∏–∫–∞–ª–Ω–∏ –≥–ª–µ–¥–∫–∏ –∫—ä–º –ø–∞—Ä–∫–∞ –∏ –í–∏—Ç–æ—à–∞. –û–≥—Ä–æ–º–Ω–∏ —Å—Ç–∞–∏. –ì–∞—Ä–∞–∂.–ü—Ä–µ–¥—Å—Ç–∞–≤—è–º–µ –í–∏  ...",https://www.imoti.com/obiava/31192859/prodava-mezonet-grad-sofiya-hladilnika,0876550105,https://www.imoti.com/prodazhbi/grad-sofiya/mezoneti?sraion=86~4~14~15~6101~146~147~21~22~23~32~120~57~132~60~72~80~81~85~,2026-01-21T18:15:32.794431
600 000 ‚Ç¨1 173 498 –ª–≤.–¶–µ–Ω–∞—Ç–∞ –µ –±–µ–∑ –î–î–°,–ü—Ä–æ–¥–∞–≤–∞  –ú–µ–∑–æ–Ω–µ—Ç,"–≥—Ä–∞–¥ –°–æ—Ñ–∏—è, –•–ª–∞–¥–∏–ª–Ω–∏–∫–∞","–≥—Ä–∞–¥ –°–æ—Ñ–∏—è, –•–ª–∞–¥–∏–ª–Ω–∏–∫–∞
210 –∫–≤.–º","6-—Ç–∏ –µ—Ç., –ê–ö–¢ 16!!!–ê–≥–µ–Ω—Ü–∏—è –ê–≤–∏–∑–æ –ø—Ä–æ–¥–∞–≤–∞ –∞–ø–∞—Ä—Ç–∞–º–µ–Ω—Ç –≤ –∏–º–∏–¥–∂–æ–≤–∞ –∂–∏–ª–∏—â–Ω–∞ —Å–≥—Ä–∞–¥–∞ –Ω–∞ –¢–û–ü –ª–æ–∫–∞—Ü–∏—è, –Ω–∞–º–∏—Ä–∞—â–∞ —Å–µ –Ω–∞ –± ...",https://www.imoti.com/obiava/43667453/prodava-mezonet-grad-sofiya-hladilnika,0886 22 57 55,https://www.imoti.com/prodazhbi/grad-sofiya/mezoneti?sraion=86~4~14~15~6101~146~147~21~22~23~32~120~57~132~60~72~80~81~85~,2026-01-21T18:15:32.794766
"1 091 230 ‚Ç¨2 134 260,37 –ª–≤.–¶–µ–Ω–∞—Ç–∞ –µ –±–µ–∑ –î–î–°",–ü—Ä–æ–¥–∞–≤–∞  –ú–µ–∑–æ–Ω–µ—Ç,"–≥—Ä–∞–¥ –°–æ—Ñ–∏—è, –Ø–≤–æ—Ä–æ–≤","–≥—Ä–∞–¥ –°–æ—Ñ–∏—è, –Ø–≤–æ—Ä–æ–≤
222 –∫–≤.–º","4-—Ç–∏ –µ—Ç., –¢–ï–¶, üîë –ï–ö–°–ö–õ–£–ó–ò–í–ù–û –ü–†–ï–î–õ–û–ñ–ï–ù–ò–ï –û–¢ KMV PROPERTY MANAGEMENT–ú–µ–∑–æ–Ω–µ—Ç —Å —Ç—Ä–∏ —Å–ø–∞–ª–Ω–∏ –∏ –≤–ø–µ—á–∞—Ç–ª—è–≤–∞—â–∞ –¥–Ω–µ–≤ ...",https://www.imoti.com/obiava/37131863/prodava-mezonet-grad-sofiya-yavorov,0888 268 116,https://www.imoti.com/prodazhbi/grad-sofiya/mezoneti?sraion=86~4~14~15~6101~146~147~21~22~23~32~120~57~132~60~72~80~81~85~,2026-01-21T18:15:32.795116
