raw_title,raw_description,price,currency,without_dds,offer_type,property_type,city,neighborhood,contact_info,agency,agency_url,details_url,num_photos,date_time_added,search_url,site,total_offers,ref_no,time,price_per_m2,area,floor
–ü—Ä–æ–¥–∞–≤–∞  –ú–µ–∑–æ–Ω–µ—Ç,"3-—Ç–∏ –µ—Ç., –ê–ù–ò-–ë–û –ù–µ–¥–≤–∏–∂–∏–º–∏ –∏–º–æ—Ç–∏ –ø—Ä–æ–¥–∞–≤–∞ –µ–∫—Å–∫–ª—É–∑–∏–≤–Ω–æ –ø—Ä–æ—Å—Ç–æ—Ä–µ–Ω –º–µ–∑–æ–Ω–µ—Ç, —Å —É–Ω–∏–∫–∞–ª–Ω–∏ –ø–∞–Ω–æ—Ä–∞–º–∏ –∫—ä–º –í–∏—Ç–æ—à–∞ –∏ –°–æ—Ñ–∏—è ...",507000.0,EUR,True,–ø—Ä–æ–¥–∞–≤–∞,–º–µ–∑–æ–Ω–µ—Ç,–≥—Ä–∞–¥ –°–æ—Ñ–∏—è,–õ–æ–∑–µ–Ω–µ—Ü,0876148808,,,https://www.imoti.com/obiava/42090850/prodava-mezonet-grad-sofiya-lozenets,0,2026-01-24 18:06:44.418056,,imoticom,0,,,,195 –∫–≤.–º,
–ü—Ä–æ–¥–∞–≤–∞  –ú–µ–∑–æ–Ω–µ—Ç,"4-—Ç–∏ –µ—Ç., –¢–ï–¶, Galiano Estates  –∏–º–∞ —É–¥–æ–≤–æ–ª—Å—Ç–≤–∏–µ—Ç–æ –¥–∞ –í–∏ –ø—Ä–µ–¥—Å—Ç–∞–≤–∏ –≥–æ–ª—è–º —Ç—Ä–∏—Å—Ç–∞–µ–Ω –º–µ–∑–æ–Ω–µ—Ç –∑–∞ –ø—Ä–æ–¥–∞–∂–±–∞. –ò–º–æ—Ç—ä—Ç —Å–µ –Ω–∞–º ...",293000.0,EUR,True,–ø—Ä–æ–¥–∞–≤–∞,–º–µ–∑–æ–Ω–µ—Ç,–≥—Ä–∞–¥ –°–æ—Ñ–∏—è,–ë–µ–ª–∏—Ç–µ –±—Ä–µ–∑–∏,0895988170,,,https://www.imoti.com/obiava/74631027/prodava-mezonet-grad-sofiya-belite-brezi,0,2026-01-24 18:06:44.418423,,imoticom,0,,,,120 –∫–≤.–º,
–ü—Ä–æ–¥–∞–≤–∞  –ú–µ–∑–æ–Ω–µ—Ç,"7-–º–∏ –µ—Ç., –†–µ—Ñ.   022603–ê–≥–µ–Ω—Ü–∏—è –∑–∞ –Ω–µ–¥–≤–∏–∂–∏–º–∏ –∏–º–æ—Ç–∏ BAS Properties –ø—Ä–µ–¥–ª–∞–≥–∞ –∑–∞ –ø—Ä–æ–¥–∞–∂–±–∞ —Å–≤–µ—Ç—ä–ª –∏ –ø—Ä–æ—Å—Ç–æ—Ä–µ–Ω –º–µ–∑–æ–Ω ...",299000.0,EUR,True,–ø—Ä–æ–¥–∞–≤–∞,–º–µ–∑–æ–Ω–µ—Ç,–≥—Ä–∞–¥ –°–æ—Ñ–∏—è,–ë–µ–ª–∏—Ç–µ –±—Ä–µ–∑–∏,0899 818 212,,,https://www.imoti.com/obiava/12864598/prodava-mezonet-grad-sofiya-belite-brezi,0,2026-01-24 18:06:44.418792,,imoticom,0,,,,100 –∫–≤.–º,
–ü—Ä–æ–¥–∞–≤–∞  –ú–µ–∑–æ–Ω–µ—Ç,"6-—Ç–∏ –µ—Ç., –ú–µ–∑–æ–Ω–µ—Ç –≤ —Ç—É—Ö–ª–µ–Ω –±–ª–æ–∫ –¥–æ –º–µ—Ç—Ä–æ—Å—Ç–∞–Ω—Ü–∏—è –ö–†–ê–°–ù–û –°–ï–õ–û. –ê–ø–∞—Ä—Ç–∞–º–µ–Ω—Ç—ä—Ç –µ —Å—ä—Å —Å–ª–µ–¥–Ω–æ—Ç–æ —Ä–∞–∑–ø—Ä–µ–¥–µ–ª–µ–Ω–∏–µ: –ü—ä—Ä–≤–æ  ...",400000.0,EUR,True,–ø—Ä–æ–¥–∞–≤–∞,–º–µ–∑–æ–Ω–µ—Ç,–≥—Ä–∞–¥ –°–æ—Ñ–∏—è,–ë–µ–ª–∏—Ç–µ –±—Ä–µ–∑–∏,0889888014,,,https://www.imoti.com/obiava/41382355/prodava-mezonet-grad-sofiya-belite-brezi,0,2026-01-24 18:06:44.419153,,imoticom,0,,,,213 –∫–≤.–º,
–ü—Ä–æ–¥–∞–≤–∞  –ú–µ–∑–æ–Ω–µ—Ç,"5-—Ç–∏ –µ—Ç., –¢–ï–¶, –ï–ö–°–ö–õ–£–ó–ò–í–ù–ê –û–§–ï–†–¢–ê!!! 'PETRA Estates 15' –ø—Ä–æ–¥–∞–≤–∞ –ï–ö–°–ö–õ–£–ó–ò–í–ù–û –ø—Ä–æ—Å—Ç–æ—Ä–µ–Ω, —Ç–æ–ø—ä–ª –∏ —Å–≤–µ—Ç—ä–ª –∞–ø–∞—Ä—Ç ...",425898.0,EUR,True,–ø—Ä–æ–¥–∞–≤–∞,–º–µ–∑–æ–Ω–µ—Ç,–≥—Ä–∞–¥ –°–æ—Ñ–∏—è,–ë–µ–ª–∏—Ç–µ –±—Ä–µ–∑–∏,0877971670,,,https://www.imoti.com/obiava/67968464/prodava-mezonet-grad-sofiya-belite-brezi,0,2026-01-24 18:06:44.419510,,imoticom,0,,,,130 –∫–≤.–º,
–ü—Ä–æ–¥–∞–≤–∞  –ú–µ–∑–æ–Ω–µ—Ç,"7-–º–∏ –µ—Ç., –ò–Ω–∂—Ç–∞–ª–∞–Ω—Ç –í–∏,  –ø—Ä–µ–¥–ª–∞–≥–∞ –º–µ–∑–æ–Ω–µ—Ç –Ω–∞ –¥–≤–µ –Ω–∏–≤–∞ –∏ –≥–æ–ª—è–º–∞ –ø–æ–∫—Ä–∏–≤–Ω–∞ —Ç–µ—Ä–∞—Å–∞ –Ω–∞ –ø–æ—Å–ª–µ–¥–Ω–∏—è –µ—Ç–∞–∂.–ú–µ–∑–æ–Ω–µ—Ç—ä—Ç –µ —Ä ...",430000.0,EUR,True,–ø—Ä–æ–¥–∞–≤–∞,–º–µ–∑–æ–Ω–µ—Ç,–≥—Ä–∞–¥ –°–æ—Ñ–∏—è,–ë–µ–ª–∏—Ç–µ –±—Ä–µ–∑–∏,0878283673,,,https://www.imoti.com/obiava/39963122/prodava-mezonet-grad-sofiya-belite-brezi,0,2026-01-24 18:06:44.419887,,imoticom,0,,,,150 –∫–≤.–º,
–ü—Ä–æ–¥–∞–≤–∞  –ú–µ–∑–æ–Ω–µ—Ç,"5-—Ç–∏ –µ—Ç., Sofia In /www.sofiain.com/ –ø—Ä–µ–¥—Å—Ç–∞–≤—è –Ω–∞ –í–∞—à–µ—Ç–æ –≤–Ω–∏–º–∞–Ω–∏–µ:–ú–µ–∑–æ–Ω–µ—Ç –Ω–∞ 5-—Ç–∏ –∏ 6-—Ç–∏ –µ—Ç–∞–∂ –≤ —Å–µ–¥–µ–º –µ—Ç–∞–∂–Ω–∞ —Ç ...",520000.0,EUR,True,–ø—Ä–æ–¥–∞–≤–∞,–º–µ–∑–æ–Ω–µ—Ç,–≥—Ä–∞–¥ –°–æ—Ñ–∏—è,–ë–µ–ª–∏—Ç–µ –±—Ä–µ–∑–∏,0882679633,,,https://www.imoti.com/obiava/41171824/prodava-mezonet-grad-sofiya-belite-brezi,0,2026-01-24 18:06:44.420245,,imoticom,0,,,,220 –∫–≤.–º,
–ü—Ä–æ–¥–∞–≤–∞  –ú–µ–∑–æ–Ω–µ—Ç,"5-—Ç–∏ –µ—Ç., –ß—É–¥–µ—Å–Ω–æ –º—è—Å—Ç–æ –≤ –±–ª–∏–∑–æ—Å—Ç –¥–æ –ø–ª.–†—É—á–µ–π!–¢–∏—Ö–∞ —É–ª–∏—Ü–∞ –Ω–∞ –∫–æ–º—É–Ω–∏–∫–∞—Ç–∏–≤–Ω–æ –º—è—Å—Ç–æ –≤ –±–ª–∏–∑–æ—Å—Ç –¥–æ –º–µ—Ç—Ä–æ, —Ç—Ä–æ–ª–µ–π–±—É—Å–∏ ...",520000.0,EUR,True,–ø—Ä–æ–¥–∞–≤–∞,–º–µ–∑–æ–Ω–µ—Ç,–≥—Ä–∞–¥ –°–æ—Ñ–∏—è,–ë–µ–ª–∏—Ç–µ –±—Ä–µ–∑–∏,0898672696,,,https://www.imoti.com/obiava/50188705/prodava-mezonet-grad-sofiya-belite-brezi,0,2026-01-24 18:06:44.420595,,imoticom,0,,,,200 –∫–≤.–º,
–ü—Ä–æ–¥–∞–≤–∞  –ú–µ–∑–æ–Ω–µ—Ç,"8-–º–∏ –µ—Ç., –¢–ï–¶, –ë–∏–ª–¥–∏–Ω–≥ –ë–æ–∫—Å –ø—Ä–µ–¥–ª–∞–≥–∞ –∑–∞ –ø—Ä–æ–¥–∞–∂–±–∞ –∞–ø–∞—Ä—Ç–∞–º–µ–Ω—Ç –≤ –µ–¥–∏–Ω –æ—Ç –Ω–∞–π-–ø—Ä–µ–¥–ø–æ—á–∏—Ç–∞–Ω–∏—Ç–µ –∫–æ–º—É–Ω–∏–∫–∞—Ç–∏—á–Ω–∏ –∏ —Å—ä—â–µ–≤—Ä–µ–º–µ–Ω ...",599900.0,EUR,True,–ø—Ä–æ–¥–∞–≤–∞,–º–µ–∑–æ–Ω–µ—Ç,–≥—Ä–∞–¥ –°–æ—Ñ–∏—è,–ë–µ–ª–∏—Ç–µ –±—Ä–µ–∑–∏,0879900994,,,https://www.imoti.com/obiava/65528882/prodava-mezonet-grad-sofiya-belite-brezi,0,2026-01-24 18:06:44.420970,,imoticom,0,,,,245 –∫–≤.–º,
–ü—Ä–æ–¥–∞–≤–∞  –ú–µ–∑–æ–Ω–µ—Ç,"6-—Ç–∏ –µ—Ç., –ü—Ä–µ–¥–ª–∞–≥–∞–º–µ –í–∏ –ø—Ä–æ—Å—Ç–æ—Ä–µ–Ω, —Ç—Ä–∏—Å—Ç–∞–µ–Ω –º–µ–∑–æ–Ω–µ—Ç –∑–∞ –ø—Ä–æ–¥–∞–∂–±–∞ –≤ –Ω–æ–≤–∞, –±—É—Ç–∏–∫–æ–≤–∞ —Å–≥—Ä–∞–¥–∞ —Å –ê–ö–¢ 16. –ú–µ–∑–æ–Ω–µ—Ç—ä—Ç –µ  ...",264000.0,EUR,True,–ø—Ä–æ–¥–∞–≤–∞,–º–µ–∑–æ–Ω–µ—Ç,–≥—Ä–∞–¥ –°–æ—Ñ–∏—è,–ë–æ—Ä–æ–≤–æ,0898888459,,,https://www.imoti.com/obiava/40717222/prodava-mezonet-grad-sofiya-borovo,0,2026-01-24 18:06:44.421331,,imoticom,0,,,,120 –∫–≤.–º,
–ü—Ä–æ–¥–∞–≤–∞  –ú–µ–∑–æ–Ω–µ—Ç,"6-—Ç–∏ –µ—Ç., –ê–ö–¢ 16!–ò–†–ò–î–ê –ù–ï–î–í–ò–ñ–ò–ú–ò –ò–ú–û–¢–ò –í–∏ –ø—Ä–µ–¥–ª–∞–≥–∞ –∑–∞ –ø—Ä–æ–¥–∞–∂–±–∞  –º–µ–∑–æ–Ω–µ—Ç,  –≤ –Ω–æ–≤–∞ —Å–≥—Ä–∞–¥–∞ –≤ –∫–≤. –ë–æ—Ä–æ–≤–æ! –ê–ø–∞—Ä—Ç–∞–º–µ ...",275000.0,EUR,True,–ø—Ä–æ–¥–∞–≤–∞,–º–µ–∑–æ–Ω–µ—Ç,–≥—Ä–∞–¥ –°–æ—Ñ–∏—è,–ë–æ—Ä–æ–≤–æ,0878332245,,,https://www.imoti.com/obiava/51067744/prodava-mezonet-grad-sofiya-borovo,0,2026-01-24 18:06:44.421690,,imoticom,0,,,,123 –∫–≤.–º,
–ü—Ä–æ–¥–∞–≤–∞  –ú–µ–∑–æ–Ω–µ—Ç,"5-—Ç–∏ –µ—Ç., –°–ì–†–ê–î–ê –° –ê–ö–¢ 16!'–ü–ê–†–ê–î–ê–ô–° –•–û–£–ú–°' –í–∏ –ø—Ä–µ–¥—Å—Ç–∞–≤—è  —Ç—Ä–∏—Å—Ç–∞–µ–Ω –∞–ø–∞—Ä—Ç–∞–º–µ–Ω—Ç, —Ç–∏–ø –º–µ–∑–æ–Ω–µ—Ç /–Ω–∞ –¥–≤–µ –Ω–∏–≤–∞/ , –Ω–∞—Ö–æ ...",300000.0,EUR,True,–ø—Ä–æ–¥–∞–≤–∞,–º–µ–∑–æ–Ω–µ—Ç,–≥—Ä–∞–¥ –°–æ—Ñ–∏—è,–ë–æ—Ä–æ–≤–æ,0886 139 821,,,https://www.imoti.com/obiava/36344702/prodava-mezonet-grad-sofiya-borovo,0,2026-01-24 18:06:44.422066,,imoticom,0,,,,151 –∫–≤.–º,
–ü—Ä–æ–¥–∞–≤–∞  –ú–µ–∑–æ–Ω–µ—Ç,"12-—Ç–∏ –µ—Ç., –¢–ï–¶, Galardo Real Estate –ø—Ä–µ–¥—Å—Ç–∞–≤—è –Ω–∞ –í–∞—à–µ—Ç–æ –≤–Ω–∏–º–∞–Ω–∏–µ –ø—Ä–æ—Å—Ç–æ—Ä–µ–Ω –º–µ–∑–æ–Ω–µ—Ç –Ω–∞ –±—É–ª.  –ë—ä–ª–≥–∞—Ä–∏—è , —Ä–∞–∑–ø–æ–ª–æ–∂–µ–Ω –Ω–∞ ...",335000.0,EUR,True,–ø—Ä–æ–¥–∞–≤–∞,–º–µ–∑–æ–Ω–µ—Ç,–≥—Ä–∞–¥ –°–æ—Ñ–∏—è,–ë–æ—Ä–æ–≤–æ,028212121,,,https://www.imoti.com/obiava/79267462/prodava-mezonet-grad-sofiya-borovo,0,2026-01-24 18:06:44.422426,,imoticom,0,,,,120 –∫–≤.–º,
–ü—Ä–æ–¥–∞–≤–∞  –ú–µ–∑–æ–Ω–µ—Ç,"7-–º–∏ –µ—Ç., –¢–ï–¶, –°–ò–¢–ò –•–û–£–ú –ë–†–û–ö–ï–†–°  –ø—Ä–µ–¥–ª–∞–≥–∞ –µ–∫—Å–∫–ª—É–∑–∏–≤–Ω–æ –Ω–∞ —Å–≤–æ–∏—Ç–µ –∫–ª–∏–µ–Ω—Ç–∏ –µ–¥–∏–Ω –∏–∑–∫–ª—é—á–∏—Ç–µ–ª–Ω–æ –∞—Ç—Ä–∞–∫—Ç–∏–≤–µ–Ω –∞–ø–∞—Ä—Ç–∞–º–µ–Ω—Ç –≤  ...",340000.0,EUR,True,–ø—Ä–æ–¥–∞–≤–∞,–º–µ–∑–æ–Ω–µ—Ç,–≥—Ä–∞–¥ –°–æ—Ñ–∏—è,–ë–æ—Ä–æ–≤–æ,0876552821,,,https://www.imoti.com/obiava/98507154/prodava-mezonet-grad-sofiya-borovo,0,2026-01-24 18:06:44.422792,,imoticom,0,,,,171 –∫–≤.–º,
–ü—Ä–æ–¥–∞–≤–∞  –ú–µ–∑–æ–Ω–µ—Ç,"6-—Ç–∏ –µ—Ç., –ê–ö–¢ 16!–ò–†–ò–î–ê –ù–ï–î–í–ò–ñ–ò–ú–ò –ò–ú–û–¢–ò –í–∏ –ø—Ä–µ–¥–ª–∞–≥–∞ –∑–∞ –ø—Ä–æ–¥–∞–∂–±–∞  –º–µ–∑–æ–Ω–µ—Ç,  –≤ –Ω–æ–≤–∞ —Å–≥—Ä–∞–¥–∞ –≤ –∫–≤. –ë–æ—Ä–æ–≤–æ ! –ê–ø–∞—Ä—Ç–∞–º ...",346000.0,EUR,True,–ø—Ä–æ–¥–∞–≤–∞,–º–µ–∑–æ–Ω–µ—Ç,–≥—Ä–∞–¥ –°–æ—Ñ–∏—è,–ë–æ—Ä–æ–≤–æ,0878332245,,,https://www.imoti.com/obiava/50879224/prodava-mezonet-grad-sofiya-borovo,0,2026-01-24 18:06:44.423148,,imoticom,0,,,,157 –∫–≤.–º,
–ü—Ä–æ–¥–∞–≤–∞  –ú–µ–∑–æ–Ω–µ—Ç,"2-—Ä–∏ –µ—Ç., –¢–ï–¶, 360 - –æ–±–∏–∫–æ–ª–∫–∞! –û–≥—Ä–æ–º–µ–Ω –∏–º–æ—Ç –Ω–∞ 3 –Ω–∏–≤–∞! –ú–∞–≥–∞–∑–∏–Ω/–û—Ñ–∏—Å/–õ–µ–∫–∞—Ä—Å–∫–∏ –∫–∞–±–∏–Ω–µ—Ç/–î–µ–Ω—Ç–∞–ª–µ–Ω —Ü–µ–Ω—Ç—ä—Ä/–ó–∞–Ω–∏–º–∞–ª–Ω—è! –¢—É—Ö ...",449990.0,EUR,True,–ø—Ä–æ–¥–∞–≤–∞,–º–µ–∑–æ–Ω–µ—Ç,–≥—Ä–∞–¥ –°–æ—Ñ–∏—è,–ë–æ—Ä–æ–≤–æ,0879900430,,,https://www.imoti.com/obiava/57518763/prodava-mezonet-grad-sofiya-borovo,0,2026-01-24 18:06:44.423502,,imoticom,0,,,,250 –∫–≤.–º,
–ü—Ä–æ–¥–∞–≤–∞  –ú–µ–∑–æ–Ω–µ—Ç,"7-–º–∏ –µ—Ç., –¢–ï–¶, –ú–ù–û–ì–û–°–¢–ê–ï–ù! –û–ë–ó–ê–í–ï–î–ï–ù! –î–í–ê –ì–ê–†–ê–ñ–ê!–ü—Ä–µ–¥–ª–∞–≥–∞–º–µ —É–Ω–∏–∫–∞–ª–µ–Ω –∏ –ø—Ä–æ—Å—Ç–æ—Ä–µ–Ω –º–Ω–æ–≥–æ—Å—Ç–∞–µ–Ω –º–µ–∑–æ–Ω–µ—Ç —Å –æ–±—â–∞ –∑–∞—Å—Ç—Ä–æ–µ–Ω ...",950000.0,EUR,True,–ø—Ä–æ–¥–∞–≤–∞,–º–µ–∑–æ–Ω–µ—Ç,–≥—Ä–∞–¥ –°–æ—Ñ–∏—è,–ë–æ—Ä–æ–≤–æ,0875363320,,,https://www.imoti.com/obiava/21403016/prodava-mezonet-grad-sofiya-borovo,0,2026-01-24 18:06:44.423867,,imoticom,0,,,,456 –∫–≤.–º,
–ü—Ä–æ–¥–∞–≤–∞  –ú–µ–∑–æ–Ω–µ—Ç,"12-—Ç–∏ –µ—Ç., –¢–ï–¶, –•–æ—É–º–ª–∞–π—Ç –∏–º–∞ —É–¥–æ–≤–æ–ª—Å—Ç–≤–∏–µ—Ç–æ –¥–∞ –≤–∏ –ø—Ä–µ–¥—Å—Ç–∞–≤–∏ –≤–ø–µ—á–∞—Ç–ª—è–≤–∞—â, –ª—É–∫—Å–æ–∑–µ–Ω –∏ –∏–∑–∫–ª—é—á–∏—Ç–µ–ª–Ω–æ –ø—Ä–æ—Å—Ç–æ—Ä–µ–Ω –º–µ–∑–æ–Ω–µ—Ç, —Ä ...",330000.0,EUR,True,–ø—Ä–æ–¥–∞–≤–∞,–º–µ–∑–æ–Ω–µ—Ç,–≥—Ä–∞–¥ –°–æ—Ñ–∏—è,–ì–æ—Ü–µ –î–µ–ª—á–µ–≤,0893211311,,,https://www.imoti.com/obiava/49606938/prodava-mezonet-grad-sofiya-gotse-delchev,0,2026-01-24 18:06:44.424221,,imoticom,0,,,,130 –∫–≤.–º,
–ü—Ä–æ–¥–∞–≤–∞  –ú–µ–∑–æ–Ω–µ—Ç,"–ü—Ä–æ–¥–∞–≤–∞ —Å–µ –£–ù–ò–ö–ê–õ–ï–ù –ø—Ä–æ—Å—Ç–æ—Ä–µ–Ω –∞–ø–∞—Ä—Ç–∞–º–µ–Ω—Ç —Ç–∏–ø –º–µ–∑–æ–Ω–µ—Ç, –∫–æ–π—Ç–æ —Å—ä—á–µ—Ç–∞–≤–∞ –≤–ø–µ—á–∞—Ç–ª—è–≤–∞—â–æ –≤—ä—Ç—Ä–µ—à–Ω–æ –ø—Ä–æ—Å—Ç—Ä–∞–Ω—Å ...",340000.0,EUR,True,–ø—Ä–æ–¥–∞–≤–∞,–º–µ–∑–æ–Ω–µ—Ç,–≥—Ä–∞–¥ –°–æ—Ñ–∏—è,–ì–æ—Ü–µ –î–µ–ª—á–µ–≤,0888927150,,,https://www.imoti.com/obiava/75588566/prodava-mezonet-grad-sofiya-gotse-delchev,0,2026-01-24 18:06:44.424571,,imoticom,0,,,,200 –∫–≤.–º,
–ü—Ä–æ–¥–∞–≤–∞  –ú–µ–∑–æ–Ω–µ—Ç,"1-–≤–∏ –µ—Ç., –¢–ï–¶, –ë–µ–∑ –∞–Ω–∞–ª–æ–≥ –≤ —Ä–∞–π–æ–Ω–∞!!! –ú–µ–∑–æ–Ω–µ—Ç 116 –∫–≤. —á–∏—Å—Ç–∞ –ø–ª–æ—â –±–µ–∑ –æ–±—â–∏ —á–∞—Å—Ç–∏ —Å —É—Å–µ—â–∞–Ω–µ –∑–∞ –∫—ä—â–∞ –Ω–∞ –ø—ä—Ä–≤–∏ –∏ –≤—Ç–æ—Ä–∏  ...",350000.0,EUR,True,–ø—Ä–æ–¥–∞–≤–∞,–º–µ–∑–æ–Ω–µ—Ç,–≥—Ä–∞–¥ –°–æ—Ñ–∏—è,–ì–æ—Ü–µ –î–µ–ª—á–µ–≤,0888971959,,,https://www.imoti.com/obiava/93663870/prodava-mezonet-grad-sofiya-gotse-delchev,0,2026-01-24 18:06:44.424943,,imoticom,0,,,,116 –∫–≤.–º,
–ü—Ä–æ–¥–∞–≤–∞  –ú–µ–∑–æ–Ω–µ—Ç,"10-—Ç–∏ –µ—Ç., –¢–ï–¶, –ê–≥–µ–Ω—Ü–∏—è SUPRIMMO: www.suprimmo.bg–ï–∫—Å–∫–ª—É–∑–∏–≤–Ω–æ –ø—Ä–µ–¥—Å—Ç–∞–≤—è–º–µ –º–µ–∑–æ–Ω–µ—Ç, —Ä–∞–∑–¥–µ–ª–µ–Ω –Ω–∞ –¥–≤–∞ —Å–∞–º–æ—Å—Ç–æ—è—Ç–µ–ª–Ω–∏ –∞–ø–∞—Ä ...",495000.0,EUR,True,–ø—Ä–æ–¥–∞–≤–∞,–º–µ–∑–æ–Ω–µ—Ç,–≥—Ä–∞–¥ –°–æ—Ñ–∏—è,–ì–æ—Ü–µ –î–µ–ª—á–µ–≤,0988170870,,,https://www.imoti.com/obiava/48596283/prodava-mezonet-grad-sofiya-gotse-delchev,0,2026-01-24 18:06:46.496589,,imoticom,0,,,,182 –∫–≤.–º,
–ü—Ä–æ–¥–∞–≤–∞  –ú–µ–∑–æ–Ω–µ—Ç,"5-—Ç–∏ –µ—Ç., –ü—Ä–æ–¥–∞–≤–∞ —Å–µ –ø—Ä–æ—Å—Ç–æ—Ä–µ–Ω –º–µ–∑–æ–Ω–µ—Ç –¥–æ –Æ–∂–µ–Ω –ø–∞—Ä–∫–ü—Ä–µ–¥–ª–∞–≥–∞–º–µ –∑–∞ –ø—Ä–æ–¥–∞–∂–±–∞ —Å–≤–µ—Ç—ä–ª –∏ –ø—Ä–æ—Å—Ç–æ—Ä–µ–Ω –º–µ–∑–æ–Ω–µ—Ç, —Ä–∞–∑–ø–æ–ª–æ–∂ ...",519000.0,EUR,True,–ø—Ä–æ–¥–∞–≤–∞,–º–µ–∑–æ–Ω–µ—Ç,–≥—Ä–∞–¥ –°–æ—Ñ–∏—è,–ì–æ—Ü–µ –î–µ–ª—á–µ–≤,0896100806,,,https://www.imoti.com/obiava/54167365/prodava-mezonet-grad-sofiya-gotse-delchev,0,2026-01-24 18:06:46.496992,,imoticom,0,,,,206 –∫–≤.–º,
–ü—Ä–æ–¥–∞–≤–∞  –ú–µ–∑–æ–Ω–µ—Ç,"7-–º–∏ –µ—Ç., –¢–ï–¶, –¢—Ä–∏—Å—Ç–∞–µ–Ω –∞—Ä—Ç–∏—Å—Ç–∏—á–µ–Ω –∞–ø–∞—Ä—Ç–∞–º–µ–Ω—Ç, —Ç–∏–ø –º–µ–∑–æ–Ω–µ—Ç –Ω–∞ –≥—Ä–∞–Ω–∏—Ü–∞—Ç–∞ –Ω–∞ –∂.–∫. –î–∏–∞–Ω–∞–±–∞–¥ –∏ –°—Ç—É–¥–µ–Ω—Ç—Å–∫–∏ –≥—Ä–∞–¥. –ê–∫—Ç 16  ...",360000.0,EUR,True,–ø—Ä–æ–¥–∞–≤–∞,–º–µ–∑–æ–Ω–µ—Ç,–≥—Ä–∞–¥ –°–æ—Ñ–∏—è,–î–∏–∞–Ω–∞–±–∞–¥,0895732971,,,https://www.imoti.com/obiava/33090216/prodava-mezonet-grad-sofiya-dianabad,0,2026-01-24 18:06:46.497345,,imoticom,0,,,,250 –∫–≤.–º,
–ü—Ä–æ–¥–∞–≤–∞  –ú–µ–∑–æ–Ω–µ—Ç,"8-–º–∏ –µ—Ç., –¢–ï–¶, –û–¢–õ–ò–ß–ù–ê –õ–û–ö–ê–¶–ò–Ø ! ! ! –î–û '–õ–û–í–ï–ù –ü–ê–†–ö' ! ! !–ü—Ä–µ–¥–ª–∞–≥–∞–º–µ –Ω–∞ –≤–∞—à–µ—Ç–æ –≤–Ω–∏–º–∞–Ω–∏–µ –ø—Ä–æ—Å—Ç–æ—Ä–µ–Ω –º–µ–∑–æ–Ω–µ—Ç, —Ä–∞–∑–ø–æ–ª–æ–∂ ...",369999.0,EUR,True,–ø—Ä–æ–¥–∞–≤–∞,–º–µ–∑–æ–Ω–µ—Ç,–≥—Ä–∞–¥ –°–æ—Ñ–∏—è,–î–∏–∞–Ω–∞–±–∞–¥,0875363330,,,https://www.imoti.com/obiava/67596260/prodava-mezonet-grad-sofiya-dianabad,0,2026-01-24 18:06:46.497706,,imoticom,0,,,,302 –∫–≤.–º,
–ü—Ä–æ–¥–∞–≤–∞  –ú–µ–∑–æ–Ω–µ—Ç,"8-–º–∏ –µ—Ç., –¢–ï–¶, AKT 16!!! –ú–ù–û–ì–û –í–ò–°–û–ö–û –ö–ê–ß–ï–°–¢–í–û!–ê–≥–µ–Ω—Ü–∏—è –∑–∞ –Ω–µ–¥–≤–∏–∂–∏–º–∏ –∏–º–æ—Ç–∏ ' –ù–∞–π—Å –•–æ—É–º' –ø—Ä–µ–¥–ª–∞–≥–∞, —á–∏—Å—Ç–æ –Ω–æ–≤  ...",692000.0,EUR,True,–ø—Ä–æ–¥–∞–≤–∞,–º–µ–∑–æ–Ω–µ—Ç,–≥—Ä–∞–¥ –°–æ—Ñ–∏—è,–î–∏–∞–Ω–∞–±–∞–¥,0878208555,,,https://www.imoti.com/obiava/18712566/prodava-mezonet-grad-sofiya-dianabad,0,2026-01-24 18:06:46.498091,,imoticom,0,,,,270 –∫–≤.–º,
–ü—Ä–æ–¥–∞–≤–∞  –ú–µ–∑–æ–Ω–µ—Ç,"8-–º–∏ –µ—Ç. –æ—Ç 8, –¢–ï–¶, –¢—É—Ö–ª–∞ 2022 –≥., –ó–∞ –ø–æ–≤–µ—á–µ –∏–Ω—Ñ–æ—Ä–º–∞—Ü–∏—è –æ–±–∞–¥–µ—Ç–µ –Ω–∏ —Å–µ –Ω–∞ —Ç–µ–ª: 0882 817 473 –∏–ª–∏ 02 425 68 35 –∏ —Ü–∏—Ç–∏—Ä–∞–π—Ç–µ —Ä–µ—Ñ–µ—Ä–µ–Ω—Ç–Ω–∏—è –Ω–æ–º ...",743942.0,EUR,True,–ø—Ä–æ–¥–∞–≤–∞,–º–µ–∑–æ–Ω–µ—Ç,–≥—Ä–∞–¥ –°–æ—Ñ–∏—è,–î–∏–∞–Ω–∞–±–∞–¥,0882817473,,,https://www.imoti.com/obiava/43850095/prodava-mezonet-grad-sofiya-dianabad,0,2026-01-24 18:06:46.498444,,imoticom,0,,,,321 –∫–≤.–º,
–ü—Ä–æ–¥–∞–≤–∞  –ú–µ–∑–æ–Ω–µ—Ç,"–¢–ï–¶, –¢—É—Ö–ª–∞ 2022 –≥., AKT 16!!! –ú–ù–û–ì–û –í–ò–°–û–ö–û –ö–ê–ß–ï–°–¢–í–û!–ê–≥–µ–Ω—Ü–∏—è –∑–∞ –Ω–µ–¥–≤–∏–∂–∏–º–∏ –∏–º–æ—Ç–∏ ' –ù–∞–π—Å –•–æ—É–º' –ø—Ä–µ–¥–ª–∞–≥–∞, —á–∏—Å—Ç–æ –Ω–æ–≤  ...",828000.0,EUR,True,–ø—Ä–æ–¥–∞–≤–∞,–º–µ–∑–æ–Ω–µ—Ç,–≥—Ä–∞–¥ –°–æ—Ñ–∏—è,–î–∏–∞–Ω–∞–±–∞–¥,0878208555,,,https://www.imoti.com/obiava/46722196/prodava-mezonet-grad-sofiya-dianabad,0,2026-01-24 18:06:46.498979,,imoticom,0,,,,320 –∫–≤.–º,
–ü—Ä–æ–¥–∞–≤–∞  –ú–µ–∑–æ–Ω–µ—Ç,"8-–º–∏ –µ—Ç., –¢–ï–¶, Galiano Estates –í–∏ –ø—Ä–µ–¥–ª–∞–≥–∞ –º–µ–∑–æ–Ω–µ—Ç –≤ –Ω–æ–≤–æ–ø–æ—Å—Ç—Ä–æ–µ–Ω–∞ —Å–≥—Ä–∞–¥–∞ —Å –ê–ö–¢16!–ú–µ–∑–æ–Ω–µ—Ç—ä—Ç, –∫–æ–π—Ç–æ –í–∏ –ø—Ä–µ–¥–ª–∞–≥–∞–º–µ –∏–º ...",828356.0,EUR,True,–ø—Ä–æ–¥–∞–≤–∞,–º–µ–∑–æ–Ω–µ—Ç,–≥—Ä–∞–¥ –°–æ—Ñ–∏—è,–î–∏–∞–Ω–∞–±–∞–¥,0890980170,,,https://www.imoti.com/obiava/95831416/prodava-mezonet-grad-sofiya-dianabad,0,2026-01-24 18:06:46.499702,,imoticom,0,,,,321 –∫–≤.–º,
–ü—Ä–æ–¥–∞–≤–∞  –ú–µ–∑–æ–Ω–µ—Ç,"14-—Ç–∏ –µ—Ç., LUXIMMO FINEST ESTATES: www.luximmo.bg–ü—Ä–µ–¥—Å—Ç–∞–≤—è–º–µ —Ç—Ä–æ—Ñ–µ–µ–Ω –∏–º–æ—Ç –≤ —Å—Ç–æ–ª–∏—Ü–∞—Ç–∞ - –≤–ø–µ—á–∞—Ç–ª—è–≤–∞—â –∞–ø–∞—Ä—Ç–∞–º–µ–Ω—Ç  ...",0.0,,False,–ø—Ä–æ–¥–∞–≤–∞,–º–µ–∑–æ–Ω–µ—Ç,–≥—Ä–∞–¥ –°–æ—Ñ–∏—è,–î–∏–∞–Ω–∞–±–∞–¥,0882817596,,,https://www.imoti.com/obiava/66048505/prodava-mezonet-grad-sofiya-dianabad,0,2026-01-24 18:06:46.500160,,imoticom,0,,,,688 –∫–≤.–º,
–ü—Ä–æ–¥–∞–≤–∞  –ú–µ–∑–æ–Ω–µ—Ç,"8-–º–∏ –µ—Ç., –¢–ï–¶, –û–¢–õ–ò–ß–ù–ê –õ–û–ö–ê–¶–ò–Ø ! ! ! –î–û '–õ–û–í–ï–ù –ü–ê–†–ö' ! ! !–ü—Ä–µ–¥–ª–∞–≥–∞–º–µ –Ω–∞ –≤–∞—à–µ—Ç–æ –≤–Ω–∏–º–∞–Ω–∏–µ –ø—Ä–æ—Å—Ç–æ—Ä–µ–Ω –º–µ–∑–æ–Ω–µ—Ç, —Ä–∞–∑–ø–æ–ª–æ–∂ ...",369999.0,EUR,True,–ø—Ä–æ–¥–∞–≤–∞,–º–µ–∑–æ–Ω–µ—Ç,–≥—Ä–∞–¥ –°–æ—Ñ–∏—è,–∂.–≥—Ä.–ó–æ–æ–ø–∞—Ä–∫,0875363330,,,https://www.imoti.com/obiava/63109895/prodava-mezonet-grad-sofiya-zh-gr-zoopark,0,2026-01-24 18:06:46.500598,,imoticom,0,,,,302 –∫–≤.–º,
–ü—Ä–æ–¥–∞–≤–∞  –ú–µ–∑–æ–Ω–µ—Ç,"–¢–ï–¶, –¢—É—Ö–ª–∞ 2022 –≥., AKT 16!!! –ú–ù–û–ì–û –í–ò–°–û–ö–û –ö–ê–ß–ï–°–¢–í–û!–ê–≥–µ–Ω—Ü–∏—è –∑–∞ –Ω–µ–¥–≤–∏–∂–∏–º–∏ –∏–º–æ—Ç–∏ ' –ù–∞–π—Å –•–æ—É–º' –ø—Ä–µ–¥–ª–∞–≥–∞, —á–∏—Å—Ç–æ –Ω–æ–≤  ...",692000.0,EUR,True,–ø—Ä–æ–¥–∞–≤–∞,–º–µ–∑–æ–Ω–µ—Ç,–≥—Ä–∞–¥ –°–æ—Ñ–∏—è,–ò–∑–≥—Ä–µ–≤,0878208555,,,https://www.imoti.com/obiava/61706589/prodava-mezonet-grad-sofiya-izgrev,0,2026-01-24 18:06:46.501144,,imoticom,0,,,,270 –∫–≤.–º,
–ü—Ä–æ–¥–∞–≤–∞  –ú–µ–∑–æ–Ω–µ—Ç,"5-—Ç–∏ –µ—Ç., –õ–æ–∫.–æ—Ç–æ–ø–ª., –ú–ù–û–ì–û –•–£–ë–ê–í–ê –õ–û–ö–ê–¶–ò–Ø! –í–™–ó–ú–û–ñ–ù–û–°–¢ –ó–ê –ü–†–ï–£–°–¢–†–û–ô–°–¢–í–û!JJ Corporation –ø—Ä–µ–¥–ª–∞–≥–∞ –Ω–∞ –í–∞—à–µ—Ç–æ –≤–Ω–∏–º–∞–Ω–∏–µ —Ç—Ä–∏—Å—Ç–∞–µ ...",350000.0,EUR,True,–ø—Ä–æ–¥–∞–≤–∞,–º–µ–∑–æ–Ω–µ—Ç,–≥—Ä–∞–¥ –°–æ—Ñ–∏—è,–ò–∑—Ç–æ–∫,0887219224,,,https://www.imoti.com/obiava/19107151/prodava-mezonet-grad-sofiya-iztok,0,2026-01-24 18:06:46.501503,,imoticom,0,,,,104 –∫–≤.–º,
–ü—Ä–æ–¥–∞–≤–∞  –ú–µ–∑–æ–Ω–µ—Ç,"5-—Ç–∏ –µ—Ç., –¢–ï–¶, LUXIMMO FINEST ESTATES: www.luximmo.bg–ü—Ä–µ–¥—Å—Ç–∞–≤—è–º–µ –í–∏ –∏–∑–∫–ª—é—á–∏—Ç–µ–ª–µ–Ω –∏–º–æ—Ç   –º–µ–∑–æ–Ω–µ—Ç –Ω–∞ –ø–æ—Å–ª–µ–¥–µ–Ω –µ—Ç–∞–∂ —Å  ...",520000.0,EUR,True,–ø—Ä–æ–¥–∞–≤–∞,–º–µ–∑–æ–Ω–µ—Ç,–≥—Ä–∞–¥ –°–æ—Ñ–∏—è,–ò–∑—Ç–æ–∫,0884604530,,,https://www.imoti.com/obiava/71117939/prodava-mezonet-grad-sofiya-iztok,0,2026-01-24 18:06:46.501880,,imoticom,0,,,,119 –∫–≤.–º,
–ü—Ä–æ–¥–∞–≤–∞  –ú–µ–∑–æ–Ω–µ—Ç,"6-—Ç–∏ –µ—Ç., –¢–ï–¶, BULGARIMMO –ø—Ä–µ–¥—Å—Ç–∞–≤—è –Ω–∞ –í–∞—à–µ—Ç–æ –≤–Ω–∏–º–∞–Ω–∏–µ —Å—Ç–∏–ª–µ–Ω —á–µ—Ç–∏—Ä–∏—Å—Ç–∞–µ–Ω —Ç—Ä–∏–∑–æ–Ω–µ—Ç –≤ –µ–º–±–ª–µ–º–∞—Ç–∏—á–Ω–∞ —Å–≥—Ä–∞–¥–∞ –≤ –∫–≤–∞—Ä—Ç–∞–ª  ...",949900.0,EUR,True,–ø—Ä–æ–¥–∞–≤–∞,–º–µ–∑–æ–Ω–µ—Ç,–≥—Ä–∞–¥ –°–æ—Ñ–∏—è,–ò–∑—Ç–æ–∫,0878297660,,,https://www.imoti.com/obiava/49214337/prodava-mezonet-grad-sofiya-iztok,0,2026-01-24 18:06:46.502227,,imoticom,0,,,,402 –∫–≤.–º,
–ü—Ä–æ–¥–∞–≤–∞  –ú–µ–∑–æ–Ω–µ—Ç,"6-—Ç–∏ –µ—Ç., –¢–ï–¶,   –ü–û–õ–Æ–°–ò –ø—Ä–µ–¥–ª–∞–≥–∞ –º–µ–∑–æ–Ω–µ—Ç –Ω–∞ –∞—Ç—Ä–∞–∫—Ç–∏–≤–Ω–∞ –¥–µ—Å—Ç–∏–Ω–∞—Ü–∏—è –≤ —Å–≥—Ä–∞–¥–∞ —Å –¢–û–ü –∫–∞—á–µ—Å—Ç–≤–æ, —à—É–º–æ–∏–∑–æ–ª–∞—Ü–∏—è, –∫–∞–º–µ–Ω–Ω–∞ —Ñ–∞ ...",1700000.0,EUR,True,–ø—Ä–æ–¥–∞–≤–∞,–º–µ–∑–æ–Ω–µ—Ç,–≥—Ä–∞–¥ –°–æ—Ñ–∏—è,–ò–∑—Ç–æ–∫,0879262008,,,https://www.imoti.com/obiava/49975097/prodava-mezonet-grad-sofiya-iztok,0,2026-01-24 18:06:46.502573,,imoticom,0,,,,563 –∫–≤.–º,
–ü—Ä–æ–¥–∞–≤–∞  –ú–µ–∑–æ–Ω–µ—Ç,"5-—Ç–∏ –µ—Ç., –¢–ï–¶, –ü–ï–†–§–ï–ö–¢–ù–ê –õ–û–ö–ê–¶–ò–Ø! –ü–†–ï–ö–†–ê–°–ù–ê –ü–ê–ù–û–†–ê–ú–ù–ê –ì–õ–ï–î–ö–ê.–Æ–ñ–ï–ù –ü–ê–†–ö, –ú–û–õ –ü–ê–†–ê–î–ê–ô–°, –º–µ—Ç—Ä–æ—Å—Ç–∞–Ω—Ü–∏—è –í–ò–¢–û–®–ê,–°–ü–ò–†–ö–ò –Ω–∞ ...",299750.0,EUR,True,–ø—Ä–æ–¥–∞–≤–∞,–º–µ–∑–æ–Ω–µ—Ç,–≥—Ä–∞–¥ –°–æ—Ñ–∏—è,–õ–æ–∑–µ–Ω–µ—Ü,0895539823,,,https://www.imoti.com/obiava/38279312/prodava-mezonet-grad-sofiya-lozenets,0,2026-01-24 18:06:46.502945,,imoticom,0,,,,120 –∫–≤.–º,
–ü—Ä–æ–¥–∞–≤–∞  –ú–µ–∑–æ–Ω–µ—Ç,"5-—Ç–∏ –µ—Ç., –õ–æ–∫.–æ—Ç–æ–ø–ª., –ú–æ–¥–µ—Ä–µ–Ω, —Å—Ç–∏–ª–µ–Ω, –∞—Ä—Ç–∏—Å—Ç–∏—á–µ–Ω –∞–ø–∞—Ä—Ç–∞–º–µ–Ω—Ç, –æ–±–∑–∞–≤–µ–¥–µ–Ω —Å –≤—Å–∏—á–∫–æ –Ω–µ–æ–±—Ö–æ–¥–∏–º–æ –∑–∞ —Å—ä–≤—Ä–µ–º–µ–Ω–Ω–∏—è –Ω–∞—á–∏–Ω –Ω–∞ –∂–∏–≤–æ—Ç  ...",305000.0,EUR,True,–ø—Ä–æ–¥–∞–≤–∞,–º–µ–∑–æ–Ω–µ—Ç,–≥—Ä–∞–¥ –°–æ—Ñ–∏—è,–õ–æ–∑–µ–Ω–µ—Ü,0879889164,,,https://www.imoti.com/obiava/57104495/prodava-mezonet-grad-sofiya-lozenets,0,2026-01-24 18:06:46.503580,,imoticom,0,,,,80 –∫–≤.–º,
–ü—Ä–æ–¥–∞–≤–∞  –ú–µ–∑–æ–Ω–µ—Ç,"5-—Ç–∏ –µ—Ç., –õ–æ–∫.–æ—Ç–æ–ø–ª., –ü—Ä–æ—Å—Ç–æ—Ä–µ–Ω –∏ —Å–≤–µ—Ç—ä–ª –º–µ–∑–æ–Ω–µ—Ç –≤ –ø—Ä–µ—Å—Ç–∏–∂–Ω–∏—è –∫–≤. –õ–æ–∑–µ–Ω–µ—Ü. –°—ä—Å—Ç–æ–∏ –æ—Ç: –Ω–∞ –ø—ä—Ä–≤–æ –Ω–∏–≤–æ –¥–Ω–µ–≤–Ω–∞, –∫—É—Ö–Ω–µ–Ω—Å–∫–∏ –±–æ–∫—Å ...",371000.0,EUR,True,–ø—Ä–æ–¥–∞–≤–∞,–º–µ–∑–æ–Ω–µ—Ç,–≥—Ä–∞–¥ –°–æ—Ñ–∏—è,–õ–æ–∑–µ–Ω–µ—Ü,0885 565 565,,,https://www.imoti.com/obiava/91311556/prodava-mezonet-grad-sofiya-lozenets,0,2026-01-24 18:06:46.504091,,imoticom,0,,,,143 –∫–≤.–º,
–ü—Ä–æ–¥–∞–≤–∞  –ú–µ–∑–æ–Ω–µ—Ç,"–î–∂–µ–π –∏ –î–∂–µ–π –ö–æ—Ä–ø–æ—Ä–µ–π—à—ä–Ω –ø—Ä–µ–¥–ª–∞–≥–∞ –Ω–∞ –í–∞—à–µ—Ç–æ –≤–Ω–∏–º–∞–Ω–∏–µ –ø—Ä–æ—Å—Ç–æ—Ä–µ–Ω –∏ —Å–≤–µ—Ç—ä–ª –∞–ø–∞—Ä—Ç–∞–º–µ–Ω—Ç –Ω–∞ –¥–≤–µ –Ω–∏–≤–∞, –Ω–∞—Ö–æ–¥ ...",473100.0,EUR,True,–ø—Ä–æ–¥–∞–≤–∞,–º–µ–∑–æ–Ω–µ—Ç,–≥—Ä–∞–¥ –°–æ—Ñ–∏—è,–õ–æ–∑–µ–Ω–µ—Ü,0887714407,,,https://www.imoti.com/obiava/39143131/prodava-mezonet-grad-sofiya-lozenets,0,2026-01-24 18:06:46.504449,,imoticom,0,,,,190 –∫–≤.–º,
–ü—Ä–æ–¥–∞–≤–∞  –ú–µ–∑–æ–Ω–µ—Ç,"1-–≤–∏ –µ—Ç., 7Ô∏è‚É£ 7Estate –¥–∞—Ä—è–≤–∞ 7% –æ—Ç –ø–µ—á–∞–ª–±–∞—Ç–∞ –∑–∞ –±–ª–∞–≥–æ—Ç–≤–æ—Ä–∏—Ç–µ–ª–Ω–∏ –∫–∞—É–∑–∏üìß https://7estate.bg ...",475000.0,EUR,True,–ø—Ä–æ–¥–∞–≤–∞,–º–µ–∑–æ–Ω–µ—Ç,–≥—Ä–∞–¥ –°–æ—Ñ–∏—è,–õ–æ–∑–µ–Ω–µ—Ü,0879971414,,,https://www.imoti.com/obiava/18110165/prodava-mezonet-grad-sofiya-lozenets,0,2026-01-24 18:06:46.505009,,imoticom,0,,,,190 –∫–≤.–º,
–ü—Ä–æ–¥–∞–≤–∞  –ú–µ–∑–æ–Ω–µ—Ç,–ü–†–û–ú–û –¶–ï–ù–ê –î–û 15.02.2026!!!SVETLINA REAL ESTATE –ø—Ä–æ–¥–∞–≤–∞ –ø—Ä–æ—Å—Ç–æ—Ä–µ–Ω –∞–ø–∞—Ä—Ç–∞–º–µ–Ω—Ç –Ω–∞ –¥–≤–µ –Ω–∏–≤–∞ —Å –≥—Ä–∞–¥–∏–Ω–∞ –∏ ...,475000.0,EUR,True,–ø—Ä–æ–¥–∞–≤–∞,–º–µ–∑–æ–Ω–µ—Ç,–≥—Ä–∞–¥ –°–æ—Ñ–∏—è,–õ–æ–∑–µ–Ω–µ—Ü,0885203030,,,https://www.imoti.com/obiava/63413468/prodava-mezonet-grad-sofiya-lozenets,0,2026-01-24 18:06:48.578989,,imoticom,0,,,,237 –∫–≤.–º,
–ü—Ä–æ–¥–∞–≤–∞  –ú–µ–∑–æ–Ω–µ—Ç,"–ì–ê–ó, –¢–ï–¶, –ü–†–û–ú–û –¶–ï–ù–ê –î–û 15.02.2026!!–ü—Ä–æ—Å—Ç–æ—Ä–µ–Ω –∞–ø–∞—Ä—Ç–∞–º–µ–Ω—Ç –Ω–∞ –¥–≤–µ –Ω–∏–≤–∞ —Å –≥—Ä–∞–¥–∏–Ω–∞ –∏ –∞—Ç—Ä–∏—É–º   –¢–û–ü –ª–æ–∫–∞—Ü–∏—è –≤ –∫–≤. –õ–æ ...",475000.0,EUR,True,–ø—Ä–æ–¥–∞–≤–∞,–º–µ–∑–æ–Ω–µ—Ç,–≥—Ä–∞–¥ –°–æ—Ñ–∏—è,–õ–æ–∑–µ–Ω–µ—Ü,0886620630,,,https://www.imoti.com/obiava/60174594/prodava-mezonet-grad-sofiya-lozenets,0,2026-01-24 18:06:48.579358,,imoticom,0,,,,190 –∫–≤.–º,
–ü—Ä–æ–¥–∞–≤–∞  –ú–µ–∑–æ–Ω–µ—Ç,,499990.0,EUR,True,–ø—Ä–æ–¥–∞–≤–∞,–º–µ–∑–æ–Ω–µ—Ç,–≥—Ä–∞–¥ –°–æ—Ñ–∏—è,–õ–æ–∑–µ–Ω–µ—Ü,0875363330,,,https://www.imoti.com/obiava/81991641/prodava-mezonet-grad-sofiya-lozenets,0,2026-01-24 18:06:48.579712,,imoticom,0,,,,260 –∫–≤.–º,
–ü—Ä–æ–¥–∞–≤–∞  –ú–µ–∑–æ–Ω–µ—Ç,"3-—Ç–∏ –µ—Ç., –¢–ï–¶, –ï–†–ê –¶–µ–Ω—Ç—Ä–∞–ª –∏–º–∞ —É–¥–æ–≤–æ–ª—Å—Ç–≤–∏–µ—Ç–æ –¥–∞ –≤–∏ –ø—Ä–µ–¥—Å—Ç–∞–≤–∏ –º–µ–∑–æ–Ω–µ—Ç, —á–∞—Å—Ç –æ—Ç –º–∞–ª–∫–∞ –±—É—Ç–∏–∫–æ–≤–∞ —Å–≥—Ä–∞–¥–∞, —Ä–∞–∑–ø–æ–ª–æ–∂–µ–Ω–∞ –Ω–∞ ...",630000.0,EUR,True,–ø—Ä–æ–¥–∞–≤–∞,–º–µ–∑–æ–Ω–µ—Ç,–≥—Ä–∞–¥ –°–æ—Ñ–∏—è,–õ–æ–∑–µ–Ω–µ—Ü,0882633399,,,https://www.imoti.com/obiava/55786957/prodava-mezonet-grad-sofiya-lozenets,0,2026-01-24 18:06:48.580079,,imoticom,0,,,,140 –∫–≤.–º,
–ü—Ä–æ–¥–∞–≤–∞  –ú–µ–∑–æ–Ω–µ—Ç,"4-—Ç–∏ –µ—Ç., –¢–ï–¶,           –°–ê–ù–î–†–ê–ú–ê–ö–° –ø—Ä–æ–¥–∞–≤–∞ –ü–ï–¢–°–¢–ê–ï–ù –º–µ–∑–æ–Ω–µ—Ç –Ω–∞ –ï–ú–ë–õ–ï–ú–ê–¢–ò–ß–ù–û –º—è—Å—Ç–æ –≤ –∫–≤. –õ–æ–∑–µ–Ω–µ—Ü ( –¥–æ –†–ï–ó–ò–î–ï–ù–¶–ò–Ø –õ–æ ...",650000.0,EUR,True,–ø—Ä–æ–¥–∞–≤–∞,–º–µ–∑–æ–Ω–µ—Ç,–≥—Ä–∞–¥ –°–æ—Ñ–∏—è,–õ–æ–∑–µ–Ω–µ—Ü,0888638903,,,https://www.imoti.com/obiava/13546778/prodava-mezonet-grad-sofiya-lozenets,0,2026-01-24 18:06:48.580432,,imoticom,0,,,,235 –∫–≤.–º,
–ü—Ä–æ–¥–∞–≤–∞  –ú–µ–∑–æ–Ω–µ—Ç,"6-—Ç–∏ –µ—Ç., –ê–≥–µ–Ω—Ü–∏—è –ë—Ä–∏–∫—Å99 –∏–º–∞ —É–¥–æ–≤–æ–ª—Å—Ç–≤–∏–µ—Ç–æ –¥–∞ –≤–∏ –ø—Ä–µ–¥–ª–æ–∂–∏ –∑–∞ –ø—Ä–æ–¥–∞–∂–±–∞ –º–µ–∑–æ–Ω–µ—Ç –Ω–∞ —Ç—Ä–∏ –Ω–∏–≤–∞ —Å –∏–∑–∫–ª—é—á–∏—Ç–µ–ª–Ω–∞ —Ç–æ–ø  ...",658000.0,EUR,True,–ø—Ä–æ–¥–∞–≤–∞,–º–µ–∑–æ–Ω–µ—Ç,–≥—Ä–∞–¥ –°–æ—Ñ–∏—è,–õ–æ–∑–µ–Ω–µ—Ü,0888569109,,,https://www.imoti.com/obiava/75164838/prodava-mezonet-grad-sofiya-lozenets,0,2026-01-24 18:06:48.580790,,imoticom,0,,,,188 –∫–≤.–º,
–ü—Ä–æ–¥–∞–≤–∞  –ú–µ–∑–æ–Ω–µ—Ç,"4-—Ç–∏ –µ—Ç., –ì–ê–ó, –õ–æ–∫.–æ—Ç–æ–ø–ª., –õ—É–∫—Å–æ–∑–µ–Ω –º–µ–∑–æ–Ω–µ—Ç —Å –≤–ø–µ—á–∞—Ç–ª—è–≤–∞—â–∏ –ø–∞–Ω–æ—Ä–∞–º–Ω–∏ —Ç–µ—Ä–∞—Å–∏ –≤ –ø—Ä–µ—Å—Ç–∏–∂–Ω–∞—Ç–∞ —á–∞—Å—Ç –Ω–∞ –õ–æ–∑–µ–Ω–µ—Ü–ü—Ä–µ–¥—Å—Ç–∞–≤—è–º–µ –∑–∞ –ø—Ä–æ–¥–∞–∂–± ...",716800.0,EUR,True,–ø—Ä–æ–¥–∞–≤–∞,–º–µ–∑–æ–Ω–µ—Ç,–≥—Ä–∞–¥ –°–æ—Ñ–∏—è,–õ–æ–∑–µ–Ω–µ—Ü,089521-21-21,,,https://www.imoti.com/obiava/44423786/prodava-mezonet-grad-sofiya-lozenets,0,2026-01-24 18:06:48.581213,,imoticom,0,,,,224 –∫–≤.–º,
–ü—Ä–æ–¥–∞–≤–∞  –ú–µ–∑–æ–Ω–µ—Ç,"4-—Ç–∏ –µ—Ç., –õ–æ–∫.–æ—Ç–æ–ø–ª., –ë–µ–∑ –∫–æ–º–∏—Å–∏–æ–Ω –∑–∞ –∫—É–ø—É–≤–∞—á–∞! –ó–∞ –æ–≥–ª–µ–¥–∏ —Å –∫–ª—é—á: –ù–µ–≤–µ–Ω–∞ –í–µ–ª–∏–∫–æ–≤–∞ 0888377355–ú–æ–Ω–æ–ª–∏—Ç–Ω–∞ —Å–≥—Ä–∞–¥–∞ –Ω–∞ 4 –µ—Ç–∞–∂–∞ —Å  ...",716800.0,EUR,True,–ø—Ä–æ–¥–∞–≤–∞,–º–µ–∑–æ–Ω–µ—Ç,–≥—Ä–∞–¥ –°–æ—Ñ–∏—è,–õ–æ–∑–µ–Ω–µ—Ü,028660502,,,https://www.imoti.com/obiava/20448084/prodava-mezonet-grad-sofiya-lozenets,0,2026-01-24 18:06:48.581562,,imoticom,0,,,,224 –∫–≤.–º,
–ü—Ä–æ–¥–∞–≤–∞  –ú–µ–∑–æ–Ω–µ—Ç,"4-—Ç–∏ –µ—Ç., –õ–æ–∫.–æ—Ç–æ–ø–ª., –õ—É–∫—Å–æ–∑–µ–Ω –∏ —Å—Ç–∏–ª–µ–Ω –º–Ω–æ–≥–æ—Å—Ç–∞–µ–Ω –∞–ø–∞—Ä—Ç–∞–º–µ–Ω—Ç 225 –º2 /190,29 –º2/, –ø—Ä–æ—Å—Ç–æ—Ä–µ–Ω –∏ —Å–≤–µ—Ç—ä–ª, –≤ –Ω–æ–≤–∞ —Å–≥—Ä–∞–¥–∞ —Å –∫–æ–Ω—Ç ...",717000.0,EUR,True,–ø—Ä–æ–¥–∞–≤–∞,–º–µ–∑–æ–Ω–µ—Ç,–≥—Ä–∞–¥ –°–æ—Ñ–∏—è,–õ–æ–∑–µ–Ω–µ—Ü,0888456928,,,https://www.imoti.com/obiava/26045390/prodava-mezonet-grad-sofiya-lozenets,0,2026-01-24 18:06:48.581946,,imoticom,0,,,,225 –∫–≤.–º,
–ü—Ä–æ–¥–∞–≤–∞  –ú–µ–∑–æ–Ω–µ—Ç,"6-—Ç–∏ –µ—Ç., –õ–æ–∫.–æ—Ç–æ–ø–ª., –î–∂–µ–π –∏ –î–∂–µ–π –ö–æ—Ä–ø–æ—Ä–µ–π—à—ä–Ω –ø—Ä–µ–¥–ª–∞–≥–∞ –Ω–∞ –í–∞—à–µ—Ç–æ –≤–Ω–∏–º–∞–Ω–∏–µ –ø—Ä–æ—Å—Ç–æ—Ä–µ–Ω –∏ —Å–≤–µ—Ç—ä–ª –∞–ø–∞—Ä—Ç–∞–º–µ–Ω—Ç, –Ω–∞—Ö–æ–¥—è—â —Å–µ –≤ –±–ª–∏–∑ ...",720000.0,EUR,True,–ø—Ä–æ–¥–∞–≤–∞,–º–µ–∑–æ–Ω–µ—Ç,–≥—Ä–∞–¥ –°–æ—Ñ–∏—è,–õ–æ–∑–µ–Ω–µ—Ü,0887714407,,,https://www.imoti.com/obiava/59187958/prodava-mezonet-grad-sofiya-lozenets,0,2026-01-24 18:06:48.582299,,imoticom,0,,,,226 –∫–≤.–º,
–ü—Ä–æ–¥–∞–≤–∞  –ú–µ–∑–æ–Ω–µ—Ç,"7-–º–∏ –µ—Ç., –¢–ï–¶, –ü—Ä–æ–¥–∞–≤–∞–º–µ –≥–æ–ª—è–º –º–µ–∑–æ–Ω–µ—Ç (—Å—Ç–∞—Ç—É—Ç –Ω–∞ –ê—Ç–µ–ª–∏–µ), –∫–æ–π—Ç–æ –µ –ø—Ä–µ—É—Å—Ç—Ä–æ–µ–Ω –≤ 5 –º–∞–ª–æ–º–µ—Ä–Ω–∏ –¥–≤—É—Å—Ç–∞–π–Ω–∏ –∞–ø–∞—Ä—Ç–∞–º–µ–Ω—Ç–∞,  ...",720000.0,EUR,True,–ø—Ä–æ–¥–∞–≤–∞,–º–µ–∑–æ–Ω–µ—Ç,–≥—Ä–∞–¥ –°–æ—Ñ–∏—è,–õ–æ–∑–µ–Ω–µ—Ü,0890311115,,,https://www.imoti.com/obiava/11512217/prodava-mezonet-grad-sofiya-lozenets,0,2026-01-24 18:06:48.582649,,imoticom,0,,,,270 –∫–≤.–º,
–ü—Ä–æ–¥–∞–≤–∞  –ú–µ–∑–æ–Ω–µ—Ç,"6-—Ç–∏ –µ—Ç., –ê–ö–¢ 16!!!–ê–≥–µ–Ω—Ü–∏—è –ê–≤–∏–∑–æ –ø—Ä–æ–¥–∞–≤–∞ –∞–ø–∞—Ä—Ç–∞–º–µ–Ω—Ç –≤ –∏–º–∏–¥–∂–æ–≤–∞ –∂–∏–ª–∏—â–Ω–∞ —Å–≥—Ä–∞–¥–∞ –Ω–∞ –¢–û–ü –ª–æ–∫–∞—Ü–∏—è, –Ω–∞–º–∏—Ä–∞—â–∞ —Å–µ –Ω–∞ –± ...",600000.0,EUR,True,–ø—Ä–æ–¥–∞–≤–∞,–º–µ–∑–æ–Ω–µ—Ç,–≥—Ä–∞–¥ –°–æ—Ñ–∏—è,–õ–æ–∑–µ–Ω–µ—Ü,0886 22 57 55,,,https://www.imoti.com/obiava/34964021/prodava-mezonet-grad-sofiya-lozenets,0,2026-01-24 18:06:48.583054,,imoticom,0,,,,210 –∫–≤.–º,
–ü—Ä–æ–¥–∞–≤–∞  –ú–µ–∑–æ–Ω–µ—Ç,"6-—Ç–∏ –µ—Ç., –¢–ï–¶, –ü—Ä–æ—Å—Ç–æ—Ä–µ–Ω –º–µ–∑–æ–Ω–µ—Ç –≤ –õ–æ–∑–µ–Ω–µ—Ü –ê–º—Ä–∏—Ç–∞ –ò–º–æ—Ç–∏ –ø—Ä–µ–¥–ª–∞–≥–∞ –ª—É–∫—Å–æ–∑–µ–Ω –¥–≤—É–µ—Ç–∞–∂–µ–Ω –º–µ–∑–æ–Ω–µ—Ç, —Ä–∞–∑–ø–æ–ª–æ–∂–µ–Ω –≤ –ø—Ä–µ—Å—Ç–∏–∂–Ω–∞ ...",744450.0,EUR,True,–ø—Ä–æ–¥–∞–≤–∞,–º–µ–∑–æ–Ω–µ—Ç,–≥—Ä–∞–¥ –°–æ—Ñ–∏—è,–õ–æ–∑–µ–Ω–µ—Ü,02/4048888,,,https://www.imoti.com/obiava/77154688/prodava-mezonet-grad-sofiya-lozenets,0,2026-01-24 18:06:48.583407,,imoticom,0,,,,213 –∫–≤.–º,
–ü—Ä–æ–¥–∞–≤–∞  –ú–µ–∑–æ–Ω–µ—Ç,"6-—Ç–∏ –µ—Ç., First Estates –í–∏ –ø—Ä–µ–¥—Å—Ç–∞–≤—è –∏–∑–∏—Å–∫–∞–Ω –∏ –º–æ–¥–µ—Ä–µ–Ω –Ω–µ–æ–±–∑–∞–≤–µ–¥–µ–Ω –º–µ–∑–æ–Ω–µ—Ç –Ω–∞ —Ç–∏—Ö–∞ —É–ª–∏—Ü–∞ –≤ –õ–æ–∑–µ–Ω–µ—Ü. –°–≥—Ä–∞–¥–∞—Ç–∞ –µ ...",800000.0,EUR,True,–ø—Ä–æ–¥–∞–≤–∞,–º–µ–∑–æ–Ω–µ—Ç,–≥—Ä–∞–¥ –°–æ—Ñ–∏—è,–õ–æ–∑–µ–Ω–µ—Ü,070015151,,,https://www.imoti.com/obiava/60908631/prodava-mezonet-grad-sofiya-lozenets,0,2026-01-24 18:06:48.583756,,imoticom,0,,,,227 –∫–≤.–º,
–ü—Ä–æ–¥–∞–≤–∞  –ú–µ–∑–æ–Ω–µ—Ç,"4-—Ç–∏ –µ—Ç., –êRCO REAL ESTATE –ø—Ä–æ–¥–∞–≤–∞ –ø–∞–Ω–æ—Ä–∞–º–µ–Ω –º–Ω–æ–≥–æ—Å—Ç–∞–µ–Ω –∞–ø–∞—Ä—Ç–∞–º–µ–Ω—Ç –Ω–∞ –¥–≤–µ –Ω–∏–≤–∞, –≤ –Ω–æ–≤–æ—Å—Ç—Ä–æ—è—â–∞ —Å–µ –∂–∏–ª–∏—â–Ω–∞ —Å–≥—Ä–∞–¥ ...",819765.0,EUR,True,–ø—Ä–æ–¥–∞–≤–∞,–º–µ–∑–æ–Ω–µ—Ç,–≥—Ä–∞–¥ –°–æ—Ñ–∏—è,–õ–æ–∑–µ–Ω–µ—Ü,0878018203,,,https://www.imoti.com/obiava/17586106/prodava-mezonet-grad-sofiya-lozenets,0,2026-01-24 18:06:48.584129,,imoticom,0,,,,182 –∫–≤.–º,
–ü—Ä–æ–¥–∞–≤–∞  –ú–µ–∑–æ–Ω–µ—Ç,"6-—Ç–∏ –µ—Ç., –ë—Ä–µ–π–Ω –¢—Ä—ä—Å—Ç –∏–º–∞ —É–¥–æ–≤–æ–ª—Å—Ç–≤–∏–µ—Ç–æ –¥–∞ –ø—Ä–µ–¥–ª–æ–∂–∏ –ø—Ä–µ–∫—Ä–∞—Å–Ω–æ –∂–∏–ª–∏—â–µ —Å –ø–∞–Ω–æ—Ä–∞–º–Ω–∏ –≥–ª–µ–¥–∫–∏ –∫—ä–º —Ü—è–ª–∞ –°–æ—Ñ–∏—è –∏ –í–∏—Ç–æ—à ...",826000.0,EUR,True,–ø—Ä–æ–¥–∞–≤–∞,–º–µ–∑–æ–Ω–µ—Ç,–≥—Ä–∞–¥ –°–æ—Ñ–∏—è,–õ–æ–∑–µ–Ω–µ—Ü,02 439 4000,,,https://www.imoti.com/obiava/63800553/prodava-mezonet-grad-sofiya-lozenets,0,2026-01-24 18:06:48.584485,,imoticom,0,,,,236 –∫–≤.–º,
–ü—Ä–æ–¥–∞–≤–∞  –ú–µ–∑–æ–Ω–µ—Ç,"11-—Ç–∏ –µ—Ç., –ì–ê–ó, LUXIMMO FINEST ESTATES: www.luximmo.bg–°–≥—Ä–∞–¥–∞—Ç–∞ –µ —Å –≤–∑–µ—Ç –ê–∫—Ç 16!–ò–º–∞–º–µ —É–¥–æ–≤–æ–ª—Å—Ç–≤–∏–µ—Ç–æ –¥–∞ –≤–∏ –ø—Ä–µ–¥–ª–æ–∂–∏–º –ª ...",1111080.0,EUR,True,–ø—Ä–æ–¥–∞–≤–∞,–º–µ–∑–æ–Ω–µ—Ç,–≥—Ä–∞–¥ –°–æ—Ñ–∏—è,–õ–æ–∑–µ–Ω–µ—Ü,0988154584,,,https://www.imoti.com/obiava/89224292/prodava-mezonet-grad-sofiya-lozenets,0,2026-01-24 18:06:48.584852,,imoticom,0,,,,180 –∫–≤.–º,
–ü—Ä–æ–¥–∞–≤–∞  –ú–µ–∑–æ–Ω–µ—Ç,"11-—Ç–∏ –µ—Ç., –ì–ê–ó, Stonehard PREMIER: www.stonehardpremier.bg–ú–æ–ª—è, –∫–∞–∂–µ—Ç–µ, —á–µ —Å—Ç–µ –≤–∏–¥e–ª–∏ –æ–±—è–≤–∞—Ç–∞ –≤ —Ç–æ–∑–∏ —Å–∞–π—Ç.–†–µ—Ñ–µ—Ä–µ–Ω—Ç–µ–Ω ...",1111080.0,EUR,True,–ø—Ä–æ–¥–∞–≤–∞,–º–µ–∑–æ–Ω–µ—Ç,–≥—Ä–∞–¥ –°–æ—Ñ–∏—è,–õ–æ–∑–µ–Ω–µ—Ü,0889007010,,,https://www.imoti.com/obiava/25796278/prodava-mezonet-grad-sofiya-lozenets,0,2026-01-24 18:06:48.585203,,imoticom,0,,,,180 –∫–≤.–º,
–ü—Ä–æ–¥–∞–≤–∞  –ú–µ–∑–æ–Ω–µ—Ç,"6-—Ç–∏ –µ—Ç., –¢–ï–¶, –ï–∫—Å–∫–ª—É–∑–∏–≤–Ω–æ –ø—Ä–µ–¥–ª–æ–∂–µ–Ω–∏–µ —Ç—Ä–∏–µ—Ç–∞–∂–µ–Ω –º–µ–∑–æ–Ω–µ—Ç —Å —á–∞—Å—Ç–µ–Ω –ø–æ–∫—Ä–∏–≤ –≤ –õ–æ–∑–µ–Ω–µ—Ü–ê–º—Ä–∏—Ç–∞ –ò–º–æ—Ç–∏ –ø—Ä–µ–¥–ª–∞–≥–∞ —É–Ω–∏–∫–∞–ª–µ–Ω –º–µ ...",1372000.0,EUR,True,–ø—Ä–æ–¥–∞–≤–∞,–º–µ–∑–æ–Ω–µ—Ç,–≥—Ä–∞–¥ –°–æ—Ñ–∏—è,–õ–æ–∑–µ–Ω–µ—Ü,0885600523,,,https://www.imoti.com/obiava/68595015/prodava-mezonet-grad-sofiya-lozenets,0,2026-01-24 18:06:48.585550,,imoticom,0,,,,391 –∫–≤.–º,
–ü—Ä–æ–¥–∞–≤–∞  –ú–µ–∑–æ–Ω–µ—Ç,"6-—Ç–∏ –µ—Ç., –ë—Ä–µ–π–Ω –¢—Ä—ä—Å—Ç –ø—Ä–µ–¥–ª–∞–≥–∞ –µ–ª–µ–≥–∞–Ω—Ç–µ–Ω –ø–µ–Ω—Ç—Ö–∞—É—Å —Å 360 –≥—Ä–∞–¥—É—Å–∞ –ø–∞–Ω–æ—Ä–∞–º–Ω–∏ –≥–ª–µ–¥–∫–∏ –∫—ä–º —Ü—è–ª–∞ –°–æ—Ñ–∏—è –∏ –í–∏—Ç–æ—à–∞, —Ä–∞–∑–ø ...",1400000.0,EUR,True,–ø—Ä–æ–¥–∞–≤–∞,–º–µ–∑–æ–Ω–µ—Ç,–≥—Ä–∞–¥ –°–æ—Ñ–∏—è,–õ–æ–∑–µ–Ω–µ—Ü,02 439 4000,,,https://www.imoti.com/obiava/15654975/prodava-mezonet-grad-sofiya-lozenets,0,2026-01-24 18:06:48.585929,,imoticom,0,,,,406 –∫–≤.–º,
–ü—Ä–æ–¥–∞–≤–∞  –ú–µ–∑–æ–Ω–µ—Ç,"6-—Ç–∏ –µ—Ç., First Estates –í–∏ –ø—Ä–µ–¥—Å—Ç–∞–≤—è –∏–∑–∏—Å–∫–∞–Ω –∏ –º–æ–¥–µ—Ä–µ–Ω —Ç—Ä–∏–µ—Ç–∞–∂–µ–Ω –º–µ–∑–æ–Ω–µ—Ç –Ω–∞ —Ç–∏—Ö–∞ —É–ª–∏—Ü–∞ –≤ –õ–æ–∑–µ–Ω–µ—Ü.–°–≥—Ä–∞–¥–∞—Ç–∞ –µ –æ—Ç ...",1400000.0,EUR,True,–ø—Ä–æ–¥–∞–≤–∞,–º–µ–∑–æ–Ω–µ—Ç,–≥—Ä–∞–¥ –°–æ—Ñ–∏—è,–õ–æ–∑–µ–Ω–µ—Ü,070015151,,,https://www.imoti.com/obiava/94757804/prodava-mezonet-grad-sofiya-lozenets,0,2026-01-24 18:06:50.665166,,imoticom,0,,,,392 –∫–≤.–º,
–ü—Ä–æ–¥–∞–≤–∞  –ú–µ–∑–æ–Ω–µ—Ç,"7-–º–∏ –µ—Ç., –¢–ï–¶, –ü–ï–ù–¢–•–ê–£–° –° 3 –ì–ê–†–ê–ñ–ê –í –¶–ï–ù–ê–¢–ê! –ü–†–ï–ö–†–ê–°–ï–ù –ò–ó–ì–õ–ï–î –ö–™–ú –í–ò–¢–û–®–ê! –î–û –ü–ê–†–ö! –ù–∞–¥–∏–ª–µ–Ω–∞ —Ä–∏—ä–ª –µ—Å—Ç–µ–π—Ç—Å –ø—Ä–µ–¥–ª–∞–≥–∞ –∑ ...",1500000.0,EUR,True,–ø—Ä–æ–¥–∞–≤–∞,–º–µ–∑–æ–Ω–µ—Ç,–≥—Ä–∞–¥ –°–æ—Ñ–∏—è,–õ–æ–∑–µ–Ω–µ—Ü,0888788420,,,https://www.imoti.com/obiava/29318294/prodava-mezonet-grad-sofiya-lozenets,0,2026-01-24 18:06:50.665525,,imoticom,0,,,,502 –∫–≤.–º,
–ü—Ä–æ–¥–∞–≤–∞  –ú–µ–∑–æ–Ω–µ—Ç,"5-—Ç–∏ –µ—Ç., –¢–ï–¶, BULGARIA SOTHEBY‚ÄôS INTERNATIONAL REALTY –ø—Ä–µ–¥—Å—Ç–∞–≤—è –Ω–∞ –í–∞—à–µ—Ç–æ –≤–Ω–∏–º–∞–Ω–∏–µ –º–µ–∑–æ–Ω–µ—Ç –≤ –Ω–æ–≤–∞ –º–æ–Ω–æ–ª–∏—Ç–Ω–∞  ...",1663200.0,EUR,True,–ø—Ä–æ–¥–∞–≤–∞,–º–µ–∑–æ–Ω–µ—Ç,–≥—Ä–∞–¥ –°–æ—Ñ–∏—è,–õ–æ–∑–µ–Ω–µ—Ü,02/9632460,,,https://www.imoti.com/obiava/71252430/prodava-mezonet-grad-sofiya-lozenets,0,2026-01-24 18:06:50.665893,,imoticom,0,,,,504 –∫–≤.–º,
–ü—Ä–æ–¥–∞–≤–∞  –ú–µ–∑–æ–Ω–µ—Ç,"8-–º–∏ –µ—Ç., –¢–ï–¶, –ù–æ–≤ –ø–∞–Ω–æ—Ä–∞–º–µ–Ω —Ç—Ä–∏—Å—Ç–∞–µ–Ω –º–µ–∑–æ–Ω–µ—Ç –¥–æ –ø–ª. –†–æ–¥–∏–Ω–∞ –≤ —Å–≥—Ä–∞–¥–∞ —Å –ê–∫—Ç 16 –æ—Ç 2022 –≥. –ù–∞–º–∏—Ä–∞ —Å–µ –¥–æ —É–ª. –ß–µ—Ä–∫–æ–≤–Ω–∞, ...",215000.0,EUR,True,–ø—Ä–æ–¥–∞–≤–∞,–º–µ–∑–æ–Ω–µ—Ç,–≥—Ä–∞–¥ –°–æ—Ñ–∏—è,–û–±–æ—Ä–∏—â–µ,0878928703,,,https://www.imoti.com/obiava/62392419/prodava-mezonet-grad-sofiya-oborishte,0,2026-01-24 18:06:50.666250,,imoticom,0,,,,89 –∫–≤.–º,
–ü—Ä–æ–¥–∞–≤–∞  –ú–µ–∑–æ–Ω–µ—Ç,"6-—Ç–∏ –µ—Ç., - –°—Ç–∞—Ä—Ç–∏—Ä–∞—â–æ —Å—Ç—Ä–æ–∏—Ç–µ–ª—Å—Ç–≤–æ –Ω–∞ –∏–∑–∏—Å–∫–∞–Ω–∞ –Ω–æ–≤–∞ —Å–≥—Ä–∞–¥–∞ –≤ —Ä–∞–π–æ–Ω–∞ –Ω–∞ —É–ª. –î—Ä–∞–≥–æ–≤–∏—Ü–∞ , –≤ –±–ª–∏–∑–æ—Å—Ç –¥–æ mall ' –°–µ ...",441600.0,EUR,True,–ø—Ä–æ–¥–∞–≤–∞,–º–µ–∑–æ–Ω–µ—Ç,–≥—Ä–∞–¥ –°–æ—Ñ–∏—è,–û–±–æ—Ä–∏—â–µ,0877 613 094,,,https://www.imoti.com/obiava/24019956/prodava-mezonet-grad-sofiya-oborishte,0,2026-01-24 18:06:50.666599,,imoticom,0,,,,138 –∫–≤.–º,
–ü—Ä–æ–¥–∞–≤–∞  –ú–µ–∑–æ–Ω–µ—Ç,"5-—Ç–∏ –µ—Ç., –¢–ï–¶, –û–ë–ó–ê–í–ï–î–ï–ù! –û–ë–û–†–ò–©–ï! –ê–ö–¢ 16! –ú–ï–ó–û–ù–ï–¢! –ú–ï–¢–†–û–°–¢–ê–ù–¶–ò–Ø!  –ê—Å–µ–Ω–æ–≤ –ò–º–æ—Ç–∏   –í–∏ –ø—Ä–µ–¥–ª–∞–≥–∞ –≥–æ—Ç–æ–≤ –∑–∞ –∂–∏–≤–µ–µ–Ω–µ –∏ –æ–± ...",549000.0,EUR,True,–ø—Ä–æ–¥–∞–≤–∞,–º–µ–∑–æ–Ω–µ—Ç,–≥—Ä–∞–¥ –°–æ—Ñ–∏—è,–û–±–æ—Ä–∏—â–µ,0890120120,,,https://www.imoti.com/obiava/58181791/prodava-mezonet-grad-sofiya-oborishte,0,2026-01-24 18:06:50.666962,,imoticom,0,,,,200 –∫–≤.–º,
–ü—Ä–æ–¥–∞–≤–∞  –ú–µ–∑–æ–Ω–µ—Ç,"5-—Ç–∏ –µ—Ç., –¢–ï–¶, –ï–ö–°–ö–õ–£–ó–ò–í–ï–ù –ù–ê–ü–™–õ–ù–û –û–ë–ó–ê–í–ï–î–ï–ù,–ì–û–¢–û–í –ó–ê –ù–ê–ù–ê–°–Ø–ù–ï –ú–ï–ó–û–ù–ï–¢ –° –ü–ê–ù–û–†–ê–ú–ù–ê –ì–õ–ï–î–ö–ê –í –°–™–†–¶–ï–¢–û –ù–ê –û–ë–û–†–ò–©–ï!–ü—Ä–µ–¥ ...",549000.0,EUR,True,–ø—Ä–æ–¥–∞–≤–∞,–º–µ–∑–æ–Ω–µ—Ç,–≥—Ä–∞–¥ –°–æ—Ñ–∏—è,–û–±–æ—Ä–∏—â–µ,0888006716,,,https://www.imoti.com/obiava/86938430/prodava-mezonet-grad-sofiya-oborishte,0,2026-01-24 18:06:50.667308,,imoticom,0,,,,200 –∫–≤.–º,
–ü—Ä–æ–¥–∞–≤–∞  –ú–µ–∑–æ–Ω–µ—Ç,"7-–º–∏ –µ—Ç., –¢–ï–¶, –ü–†–û–î–ê–í–ê –ú–ï–ó–û–ù–ï–¢ –≤ –µ–¥–∏–Ω –æ—Ç –Ω–∞–π-—Ö—É–±–∞–≤–∏—Ç–µ —Ä–∞–π–æ–Ω–∏ –Ω–∞ –≥—Ä. –°–æ—Ñ–∏—è. –†–ê–ó–ü–†–ï–î–ï–õ–ï–ù–ò–ï: –ü–™–†–í–ò –ï–¢–ê–ñ - –∫–æ—Ä–∏–¥–æ—Ä, –±–∞–Ω ...",877790.0,EUR,True,–ø—Ä–æ–¥–∞–≤–∞,–º–µ–∑–æ–Ω–µ—Ç,–≥—Ä–∞–¥ –°–æ—Ñ–∏—è,–û–±–æ—Ä–∏—â–µ,0898420247,,,https://www.imoti.com/obiava/44591851/prodava-mezonet-grad-sofiya-oborishte,0,2026-01-24 18:06:50.667656,,imoticom,0,,,,230 –∫–≤.–º,
–ü—Ä–æ–¥–∞–≤–∞  –ú–µ–∑–æ–Ω–µ—Ç,"13-—Ç–∏ –µ—Ç., –¢–ï–¶, First Estates –∏–º–∞ –æ–≥—Ä–æ–º–Ω–æ—Ç–æ —É–¥–æ–≤–æ–ª—Å—Ç–≤–∏–µ –¥–∞ –í–∏ –ø—Ä–µ–¥—Å—Ç–∞–≤–∏ –Ω–∞–π-–Ω–æ–≤–∏—è –ª—É–∫—Å–æ–∑–µ–Ω –∂–∏–ª–∏—â–µ–Ω –∫–æ–º–ø–ª–µ–∫—Å, —Å–≥—É—à–µ–Ω  ...",1962000.0,EUR,True,–ø—Ä–æ–¥–∞–≤–∞,–º–µ–∑–æ–Ω–µ—Ç,–≥—Ä–∞–¥ –°–æ—Ñ–∏—è,–û–±–æ—Ä–∏—â–µ,070015151,,,https://www.imoti.com/obiava/34162845/prodava-mezonet-grad-sofiya-oborishte,0,2026-01-24 18:06:50.668015,,imoticom,0,,,,467 –∫–≤.–º,
–ü—Ä–æ–¥–∞–≤–∞  –ú–µ–∑–æ–Ω–µ—Ç,"6-—Ç–∏ –µ—Ç., –¢–ï–¶, –†–µ—Ñ–µ—Ä–µ–Ω—Ç–µ–Ω –Ω–æ–º–µ—Ä  24824DELUXE REALTY –∏–º–∞ —É–¥–æ–≤–æ–ª—Å—Ç–≤–∏–µ—Ç–æ –¥–∞ –í–∏ –ø—Ä–µ–¥—Å—Ç–∞–≤–∏ —É–Ω–∏–∫–∞–ª–µ–Ω –ª—É–∫—Å–æ–∑–Ω–æ –æ–±–∑–∞–≤–µ–¥–µ–Ω –º ...",0.0,,False,–ø—Ä–æ–¥–∞–≤–∞,–º–µ–∑–æ–Ω–µ—Ç,–≥—Ä–∞–¥ –°–æ—Ñ–∏—è,–û–±–æ—Ä–∏—â–µ,0883 093 093,,,https://www.imoti.com/obiava/77793518/prodava-mezonet-grad-sofiya-oborishte,0,2026-01-24 18:06:50.668331,,imoticom,0,,,,350 –∫–≤.–º,
–ü—Ä–æ–¥–∞–≤–∞  –ú–µ–∑–æ–Ω–µ—Ç,"8-–º–∏ –µ—Ç., –¢–ï–¶, –ù–æ–≤ –ø–∞–Ω–æ—Ä–∞–º–µ–Ω —Ç—Ä–∏—Å—Ç–∞–µ–Ω –º–µ–∑–æ–Ω–µ—Ç –¥–æ –ø–ª. –†–æ–¥–∏–Ω–∞ –≤ —Å–≥—Ä–∞–¥–∞ —Å –ê–∫—Ç 16 –æ—Ç 2022 –≥. –ù–∞–º–∏—Ä–∞ —Å–µ –¥–æ —É–ª. –ß–µ—Ä–∫–æ–≤–Ω–∞, ...",215000.0,EUR,True,–ø—Ä–æ–¥–∞–≤–∞,–º–µ–∑–æ–Ω–µ—Ç,–≥—Ä–∞–¥ –°–æ—Ñ–∏—è,–ü–æ–¥—É—è–Ω–µ,0878928703,,,https://www.imoti.com/obiava/32568945/prodava-mezonet-grad-sofiya-poduyane,0,2026-01-24 18:06:50.668679,,imoticom,0,,,,89 –∫–≤.–º,
–ü—Ä–æ–¥–∞–≤–∞  –ú–µ–∑–æ–Ω–µ—Ç,"3-—Ç–∏ –µ—Ç., –ê–≥–µ–Ω—Ü–∏—è –ö–∏–±–µ–ª–∞ –ø—Ä–µ–¥–ª–∞–≥–∞ –º–µ–∑–æ–Ω–µ—Ç, —Å —Ä–∞–∑–ø—Ä–µ–¥–µ–ª–µ–Ω–∏–µ: –Ω–∞ –ø—ä—Ä–≤–æ—Ç–æ –Ω–∏–≤–æ –µ —Ä–∞–∑–ø–æ–ª–æ–∂–µ–Ω–∞ –ø—Ä–æ—Å—Ç–æ—Ä–Ω–∞ —Ç—Ä–∞–ø–µ–∑–∞—Ä–∏—è ...",700000.0,EUR,True,–ø—Ä–æ–¥–∞–≤–∞,–º–µ–∑–æ–Ω–µ—Ç,–≥—Ä–∞–¥ –°–æ—Ñ–∏—è,–ü–æ–¥—É—è–Ω–µ,0893372070,,,https://www.imoti.com/obiava/91989711/prodava-mezonet-grad-sofiya-poduyane,0,2026-01-24 18:06:50.669040,,imoticom,0,,,,183 –∫–≤.–º,
–ü—Ä–æ–¥–∞–≤–∞  –ú–µ–∑–æ–Ω–µ—Ç,"'–ü—ä—Ä–≤–∞ –ò–Ω–≤–µ—Å—Ç–∏—Ü–∏–æ–Ω–Ω–∞ –ë–∞–Ω–∫–∞' –ê–î –ø—Ä–µ–¥–ª–∞–≥–∞ –∑–∞ –ø—Ä–æ–¥–∞–∂–±–∞: –ú–µ–∑–æ–Ω–µ—Ç–ê–¥—Ä–µ—Å: –≥—Ä. –°–æ—Ñ–∏—è, –∂.–∫. –°—Ç—Ä–µ–ª–±–∏—â–µ, —É–ª. –õ–µ ...",465000.0,EUR,True,–ø—Ä–æ–¥–∞–≤–∞,–º–µ–∑–æ–Ω–µ—Ç,–≥—Ä–∞–¥ –°–æ—Ñ–∏—è,–°—Ç—Ä–µ–ª–±–∏—â–µ,028002182,,,https://www.imoti.com/obiava/19747673/prodava-mezonet-grad-sofiya-strelbishte,0,2026-01-24 18:06:50.669383,,imoticom,0,,,,183 –∫–≤.–º,
–ü—Ä–æ–¥–∞–≤–∞  –ú–µ–∑–æ–Ω–µ—Ç,"8-–º–∏ –µ—Ç., –ë–∏–ª–¥–∏–Ω–≥ –ë–æ–∫—Å –ø—Ä–µ–¥–ª–∞–≥–∞ –∑–∞ –ø—Ä–æ–¥–∞–∂–±–∞ –º–Ω–æ–≥–æ—Å—Ç–∞–µ–Ω –º–µ–∑–æ–Ω–µ—Ç –Ω–∞—Ö–æ–¥—è—â —Å–µ –Ω–∞ 7-–º–∏ –∏ 8-–º–∏ –Ω–∞–¥–ø–∞—Ä—Ç–µ—Ä–Ω–∏ –µ—Ç–∞–∂–∏ –≤ –∫ ...",1104425.0,EUR,True,–ø—Ä–æ–¥–∞–≤–∞,–º–µ–∑–æ–Ω–µ—Ç,–≥—Ä–∞–¥ –°–æ—Ñ–∏—è,–°—Ç—Ä–µ–ª–±–∏—â–µ,0879900994,,,https://www.imoti.com/obiava/64180582/prodava-mezonet-grad-sofiya-strelbishte,0,2026-01-24 18:06:50.669725,,imoticom,0,,,,316 –∫–≤.–º,
–ü—Ä–æ–¥–∞–≤–∞  –ú–µ–∑–æ–Ω–µ—Ç,"8-–º–∏ –µ—Ç., –¢–ï–¶, –ù–û–í–û–°–¢–†–û–Ø–©–ê –°–ï –õ–£–ö–°–û–ó–ù–ê –ñ–ò–õ–ò–©–ù–ê –°–ì–†–ê–î–ê –Ω–∞ —É–ª. –ù–∏—à–∞–≤–∞ –≤ –∫–≤.–°—Ç—Ä–µ–ª–±–∏—â–µ. –ú–Ω–æ–≥–æ –∑–µ–ª–µ–Ω, –ø—Ä–∏—è—Ç–µ–Ω –∏ –¥–æ–±—Ä–µ —É—Ä ...",1254000.0,EUR,True,–ø—Ä–æ–¥–∞–≤–∞,–º–µ–∑–æ–Ω–µ—Ç,–≥—Ä–∞–¥ –°–æ—Ñ–∏—è,–°—Ç—Ä–µ–ª–±–∏—â–µ,0887219224,,,https://www.imoti.com/obiava/11553332/prodava-mezonet-grad-sofiya-strelbishte,0,2026-01-24 18:06:50.670083,,imoticom,0,,,,380 –∫–≤.–º,
–ü—Ä–æ–¥–∞–≤–∞  –ú–µ–∑–æ–Ω–µ—Ç,"5-—Ç–∏ –µ—Ç., –¢–ï–¶, –ü–ï–†–§–ï–ö–¢–ù–ê –õ–û–ö–ê–¶–ò–Ø! –ü–†–ï–ö–†–ê–°–ù–ê –ü–ê–ù–û–†–ê–ú–ù–ê –ì–õ–ï–î–ö–ê.–Æ–ñ–ï–ù –ü–ê–†–ö, –ú–û–õ –ü–ê–†–ê–î–ê–ô–°, –º–µ—Ç—Ä–æ—Å—Ç–∞–Ω—Ü–∏—è –í–ò–¢–û–®–ê,–°–ü–ò–†–ö–ò –Ω–∞ ...",299750.0,EUR,True,–ø—Ä–æ–¥–∞–≤–∞,–º–µ–∑–æ–Ω–µ—Ç,–≥—Ä–∞–¥ –°–æ—Ñ–∏—è,–•–ª–∞–¥–∏–ª–Ω–∏–∫–∞,0895539823,,,https://www.imoti.com/obiava/49875480/prodava-mezonet-grad-sofiya-hladilnika,0,2026-01-24 18:06:50.670430,,imoticom,0,,,,120 –∫–≤.–º,
–ü—Ä–æ–¥–∞–≤–∞  –ú–µ–∑–æ–Ω–µ—Ç,"1-–≤–∏ –µ—Ç., –ì–ê–ó, –õ–æ–∫.–æ—Ç–æ–ø–ª., –ú–Ω–æ–≥–æ—Å—Ç–∞–µ–Ω –º–µ–∑–æ–Ω–µ—Ç –≤ –º–∞–ª–∫–∞ —Ç—É—Ö–ª–µ–Ω–∞ —Å–≥—Ä–∞–¥–∞ –æ—Ç 2006–≥. –ò–º–æ—Ç—ä—Ç –∏–º–∞ —Å–ª–µ–¥–Ω–æ—Ç–æ —Ä–∞–∑–ø—Ä–µ–¥–µ–ª–µ–Ω–∏–µ: 1 –Ω–∏–≤–æ: –¥–Ω–µ–≤–Ω ...",400000.0,EUR,True,–ø—Ä–æ–¥–∞–≤–∞,–º–µ–∑–æ–Ω–µ—Ç,–≥—Ä–∞–¥ –°–æ—Ñ–∏—è,–•–ª–∞–¥–∏–ª–Ω–∏–∫–∞,0898414272,,,https://www.imoti.com/obiava/96323175/prodava-mezonet-grad-sofiya-hladilnika,0,2026-01-24 18:06:50.670786,,imoticom,0,,,,156 –∫–≤.–º,
–ü—Ä–æ–¥–∞–≤–∞  –ú–µ–∑–æ–Ω–µ—Ç,"6-—Ç–∏ –µ—Ç., –¢–ï–¶, –î–æ –¥–≤–∞ –ø–∞—Ä–∫–∞ –∏ –º–µ—Ç—Ä–æ—Å—Ç–∞–Ω—Ü–∏—è. –£–Ω–∏–∫–∞–ª–Ω–∏ –≥–ª–µ–¥–∫–∏ –∫—ä–º –ø–∞—Ä–∫–∞ –∏ –í–∏—Ç–æ—à–∞. –û–≥—Ä–æ–º–Ω–∏ —Å—Ç–∞–∏. –ì–∞—Ä–∞–∂.–ü—Ä–µ–¥—Å—Ç–∞–≤—è–º–µ –í–∏  ...",480000.0,EUR,True,–ø—Ä–æ–¥–∞–≤–∞,–º–µ–∑–æ–Ω–µ—Ç,–≥—Ä–∞–¥ –°–æ—Ñ–∏—è,–•–ª–∞–¥–∏–ª–Ω–∏–∫–∞,0876550105,,,https://www.imoti.com/obiava/31192859/prodava-mezonet-grad-sofiya-hladilnika,0,2026-01-24 18:06:50.671139,,imoticom,0,,,,185 –∫–≤.–º,
–ü—Ä–æ–¥–∞–≤–∞  –ú–µ–∑–æ–Ω–µ—Ç,"6-—Ç–∏ –µ—Ç., –ê–ö–¢ 16!!!–ê–≥–µ–Ω—Ü–∏—è –ê–≤–∏–∑–æ –ø—Ä–æ–¥–∞–≤–∞ –∞–ø–∞—Ä—Ç–∞–º–µ–Ω—Ç –≤ –∏–º–∏–¥–∂–æ–≤–∞ –∂–∏–ª–∏—â–Ω–∞ —Å–≥—Ä–∞–¥–∞ –Ω–∞ –¢–û–ü –ª–æ–∫–∞—Ü–∏—è, –Ω–∞–º–∏—Ä–∞—â–∞ —Å–µ –Ω–∞ –± ...",600000.0,EUR,True,–ø—Ä–æ–¥–∞–≤–∞,–º–µ–∑–æ–Ω–µ—Ç,–≥—Ä–∞–¥ –°–æ—Ñ–∏—è,–•–ª–∞–¥–∏–ª–Ω–∏–∫–∞,0886 22 57 55,,,https://www.imoti.com/obiava/43667453/prodava-mezonet-grad-sofiya-hladilnika,0,2026-01-24 18:06:50.671485,,imoticom,0,,,,210 –∫–≤.–º,
–ü—Ä–æ–¥–∞–≤–∞  –ú–µ–∑–æ–Ω–µ—Ç,"4-—Ç–∏ –µ—Ç., –¢–ï–¶, üîë –ï–ö–°–ö–õ–£–ó–ò–í–ù–û –ü–†–ï–î–õ–û–ñ–ï–ù–ò–ï –û–¢ KMV PROPERTY MANAGEMENT–ú–µ–∑–æ–Ω–µ—Ç —Å —Ç—Ä–∏ —Å–ø–∞–ª–Ω–∏ –∏ –≤–ø–µ—á–∞—Ç–ª—è–≤–∞—â–∞ –¥–Ω–µ–≤ ...",1091230.0,EUR,True,–ø—Ä–æ–¥–∞–≤–∞,–º–µ–∑–æ–Ω–µ—Ç,–≥—Ä–∞–¥ –°–æ—Ñ–∏—è,–Ø–≤–æ—Ä–æ–≤,0888 268 116,,,https://www.imoti.com/obiava/37131863/prodava-mezonet-grad-sofiya-yavorov,0,2026-01-24 18:06:50.671845,,imoticom,0,,,,222 –∫–≤.–º,
