price_text,title,location,description,info_text,details_url,photos_text,contact_info,agency_name,agency_url,ref_no,total_offers,price_per_m2,search_url,scraped_at
450 000 ‚Ç¨880 123.50 –ª–≤.,–ü—Ä–æ–¥–∞–≤–∞ –ú–ï–ó–û–ù–ï–¢,"–≥—Ä–∞–¥ –°–æ—Ñ–∏—è, –†–µ–¥—É—Ç–∞","180 –∫–≤.–º, —É–ª. –ò–ª–∞—Ä–∏–æ–Ω –î—Ä–∞–≥–æ—Å—Ç–∏–Ω–æ–≤, 5-—Ç–∏ –µ—Ç. –æ—Ç 6, –í—ä–≤–µ–¥–µ–Ω –≤ –µ–∫—Å–ø–ª–æ–∞—Ç–∞—Ü–∏—è 1995 –≥., –ü–†–û–°–¢–û–†–ï–ù!! –°–õ–™–ù–ß–ï–í!! –ú–ï–ó–û–ù–ï–¢!!! –ü–ê–ù–û–†–ê–ú–ù–ê –ì–õ–ï–î–ö–ê!!! –û–ë–ó–ê–í–ï–î–ï–ù!! –ü–ê–†–ö–û–ú–Ø–°–¢–û –ò –ì–ê–†–ê–ñ!!!  –í–ò–î–ï–û-–ü–†–ï–î–°–¢ ..., —Ç–µ–ª.: 0893584211","180 –∫–≤.–º, —É–ª. –ò–ª–∞—Ä–∏–æ–Ω –î—Ä–∞–≥–æ—Å—Ç–∏–Ω–æ–≤, 5-—Ç–∏ –µ—Ç. –æ—Ç 6, –í—ä–≤–µ–¥–µ–Ω –≤ –µ–∫—Å–ø–ª–æ–∞—Ç–∞—Ü–∏—è 1995 –≥., –ü–†–û–°–¢–û–†–ï–ù!! –°–õ–™–ù–ß–ï–í!! –ú–ï–ó–û–ù–ï–¢!!! –ü–ê–ù–û–†–ê–ú–ù–ê –ì–õ–ï–î–ö–ê!!! –û–ë–ó–ê–í–ï–î–ï–ù!! –ü–ê–†–ö–û–ú–Ø–°–¢–û –ò –ì–ê–†–ê–ñ!!!  –í–ò–î–ï–û-–ü–†–ï–î–°–¢ ..., —Ç–µ–ª.: 0893584211",//www.imot.bg/obiava-1f176890045349518-prodava-mezonet-grad-sofiya-reduta-ul-ilarion-dragostinov,–ü–æ–≤–µ—á–µ –¥–µ—Ç–∞–π–ª–∏–∏ 17 —Å–Ω–∏–º–∫–∏,0893584211,–£–ê–ù –ï–°–¢–ï–ô–¢,//oneest.imot.bg,1,0,2500.0,https://www.imot.bg/obiavi/prodazhbi/grad-sofiya/mezonet?raioni=21~22~23~57~60~63~72~80~81~85~86~120~132~146~147~6101~,2026-01-25T19:31:25.022829
1 091 230 ‚Ç¨2 134 260.37 –ª–≤.,–ü—Ä–æ–¥–∞–≤–∞ –ú–ï–ó–û–ù–ï–¢,"–≥—Ä–∞–¥ –°–æ—Ñ–∏—è, –Ø–≤–æ—Ä–æ–≤","222 –∫–≤.–º, 4-—Ç–∏ –µ—Ç. –æ—Ç 5, –¢–ï–¶, –©–µ –±—ä–¥–µ –≤—ä–≤–µ–¥–µ–Ω –≤ –µ–∫—Å–ø–ª–æ–∞—Ç–∞—Ü–∏—è 2026 –≥., üîë –ï–ö–°–ö–õ–£–ó–ò–í–ù–û –ü–†–ï–î–õ–û–ñ–ï–ù–ò–ï –û–¢ KMV PROPERTY MANAGEMENT  –ú–µ–∑–æ–Ω–µ—Ç —Å —Ç—Ä–∏ —Å–ø–∞–ª–Ω–∏ –∏ –≤–ø–µ—á–∞—Ç–ª—è–≤–∞—â–∞ –¥–Ω ..., —Ç–µ–ª.: 0888 268 116","222 –∫–≤.–º, 4-—Ç–∏ –µ—Ç. –æ—Ç 5, –¢–ï–¶, –©–µ –±—ä–¥–µ –≤—ä–≤–µ–¥–µ–Ω –≤ –µ–∫—Å–ø–ª–æ–∞—Ç–∞—Ü–∏—è 2026 –≥., üîë –ï–ö–°–ö–õ–£–ó–ò–í–ù–û –ü–†–ï–î–õ–û–ñ–ï–ù–ò–ï –û–¢ KMV PROPERTY MANAGEMENT  –ú–µ–∑–æ–Ω–µ—Ç —Å —Ç—Ä–∏ —Å–ø–∞–ª–Ω–∏ –∏ –≤–ø–µ—á–∞—Ç–ª—è–≤–∞—â–∞ –¥–Ω ..., —Ç–µ–ª.: 0888 268 116",//www.imot.bg/obiava-1f175282964135530-prodava-mezonet-grad-sofiya-yavorov,–ü–æ–≤–µ—á–µ –¥–µ—Ç–∞–π–ª–∏–∏ 6 —Å–Ω–∏–º–∫–∏,0888 268 116,–ö–ú–í –ü–†–û–ü–™–†–¢–ò –ú–ï–ù–ò–î–ñ–ú–™–ù–¢ –ï–û–û–î,//kmv.imot.bg,1,0,4915.45,https://www.imot.bg/obiavi/prodazhbi/grad-sofiya/mezonet?raioni=21~22~23~57~60~63~72~80~81~85~86~120~132~146~147~6101~,2026-01-25T19:31:25.024055
549 000 ‚Ç¨1 073 750.67 –ª–≤.,–ü—Ä–æ–¥–∞–≤–∞ –ú–ï–ó–û–ù–ï–¢,"–≥—Ä–∞–¥ –°–æ—Ñ–∏—è, –û–±–æ—Ä–∏—â–µ","200 –∫–≤.–º, 5-—Ç–∏ –µ—Ç. –æ—Ç 6, –¢–ï–¶, –í—ä–≤–µ–¥–µ–Ω –≤ –µ–∫—Å–ø–ª–æ–∞—Ç–∞—Ü–∏—è 2004 –≥., –û–ë–ó–ê–í–ï–î–ï–ù! –û–ë–û–†–ò–©–ï! –ê–ö–¢ 16! –ú–ï–ó–û–ù–ï–¢! –ú–ï–¢–†–û–°–¢–ê–ù–¶–ò–Ø!    –ê—Å–µ–Ω–æ–≤ –ò–º–æ—Ç–∏   –í–∏ –ø—Ä–µ–¥–ª–∞–≥–∞ –≥–æ—Ç–æ–≤ –∑–∞ –∂–∏–≤–µ–µ–Ω–µ –∏  ..., —Ç–µ–ª.: 0890120120","200 –∫–≤.–º, 5-—Ç–∏ –µ—Ç. –æ—Ç 6, –¢–ï–¶, –í—ä–≤–µ–¥–µ–Ω –≤ –µ–∫—Å–ø–ª–æ–∞—Ç–∞—Ü–∏—è 2004 –≥., –û–ë–ó–ê–í–ï–î–ï–ù! –û–ë–û–†–ò–©–ï! –ê–ö–¢ 16! –ú–ï–ó–û–ù–ï–¢! –ú–ï–¢–†–û–°–¢–ê–ù–¶–ò–Ø!    –ê—Å–µ–Ω–æ–≤ –ò–º–æ—Ç–∏   –í–∏ –ø—Ä–µ–¥–ª–∞–≥–∞ –≥–æ—Ç–æ–≤ –∑–∞ –∂–∏–≤–µ–µ–Ω–µ –∏  ..., —Ç–µ–ª.: 0890120120",//www.imot.bg/obiava-1f176244558894077-prodava-mezonet-grad-sofiya-oborishte,–ü–æ–≤–µ—á–µ –¥–µ—Ç–∞–π–ª–∏–∏ 14 —Å–Ω–∏–º–∫–∏,0890120120,–ê–°–ï–ù–û–í –ò–ú–û–¢–ò,//asenovimoti.imot.bg,1,0,2745.0,https://www.imot.bg/obiavi/prodazhbi/grad-sofiya/mezonet?raioni=21~22~23~57~60~63~72~80~81~85~86~120~132~146~147~6101~,2026-01-25T19:31:25.025254
877 790 ‚Ç¨1 716 808.02 –ª–≤.,–ü—Ä–æ–¥–∞–≤–∞ –ú–ï–ó–û–ù–ï–¢,"–≥—Ä–∞–¥ –°–æ—Ñ–∏—è, –û–±–æ—Ä–∏—â–µ","230 –∫–≤.–º, —É–ª. –®–∏–ø–∫–∞, 7-–º–∏ –µ—Ç. –æ—Ç 8, –¢–ï–¶, –í—ä–≤–µ–¥–µ–Ω –≤ –µ–∫—Å–ø–ª–æ–∞—Ç–∞—Ü–∏—è 2000 –≥., –ü–†–û–î–ê–í–ê –ú–ï–ó–û–ù–ï–¢ –≤ –µ–¥–∏–Ω –æ—Ç –Ω–∞–π-—Ö—É–±–∞–≤–∏—Ç–µ —Ä–∞–π–æ–Ω–∏ –Ω–∞ –≥—Ä. –°–æ—Ñ–∏—è. –†–ê–ó–ü–†–ï–î–ï–õ–ï–ù–ò–ï: –ü–™–†–í–ò –ï–¢–ê–ñ - –∫–æ—Ä–∏–¥–æ—Ä, –±–∞–Ω ..., —Ç–µ–ª.: 0898420247","230 –∫–≤.–º, —É–ª. –®–∏–ø–∫–∞, 7-–º–∏ –µ—Ç. –æ—Ç 8, –¢–ï–¶, –í—ä–≤–µ–¥–µ–Ω –≤ –µ–∫—Å–ø–ª–æ–∞—Ç–∞—Ü–∏—è 2000 –≥., –ü–†–û–î–ê–í–ê –ú–ï–ó–û–ù–ï–¢ –≤ –µ–¥–∏–Ω –æ—Ç –Ω–∞–π-—Ö—É–±–∞–≤–∏—Ç–µ —Ä–∞–π–æ–Ω–∏ –Ω–∞ –≥—Ä. –°–æ—Ñ–∏—è. –†–ê–ó–ü–†–ï–î–ï–õ–ï–ù–ò–ï: –ü–™–†–í–ò –ï–¢–ê–ñ - –∫–æ—Ä–∏–¥–æ—Ä, –±–∞–Ω ..., —Ç–µ–ª.: 0898420247",//www.imot.bg/obiava-1f176615849303114-prodava-mezonet-grad-sofiya-oborishte-ul-shipka,–ü–æ–≤–µ—á–µ –¥–µ—Ç–∞–π–ª–∏–∏ 8 —Å–Ω–∏–º–∫–∏,0898420247,–ê–õ–û–†–î–ê,//alorda.imot.bg,1,0,3816.48,https://www.imot.bg/obiavi/prodazhbi/grad-sofiya/mezonet?raioni=21~22~23~57~60~63~72~80~81~85~86~120~132~146~147~6101~,2026-01-25T19:31:25.026432
293 000 ‚Ç¨573 058.19 –ª–≤.,–ü—Ä–æ–¥–∞–≤–∞ –ú–ï–ó–û–ù–ï–¢,"–≥—Ä–∞–¥ –°–æ—Ñ–∏—è, –ë–µ–ª–∏—Ç–µ –±—Ä–µ–∑–∏","120 –∫–≤.–º, 4-—Ç–∏ –µ—Ç. –æ—Ç 5, –¢–ï–¶, 1997 –≥., Galiano Estates  –∏–º–∞ —É–¥–æ–≤–æ–ª—Å—Ç–≤–∏–µ—Ç–æ –¥–∞ –í–∏ –ø—Ä–µ–¥—Å—Ç–∞–≤–∏ –≥–æ–ª—è–º —Ç—Ä–∏—Å—Ç–∞–µ–Ω –º–µ–∑–æ–Ω–µ—Ç –∑–∞ –ø—Ä–æ–¥–∞–∂–±–∞. –ò–º–æ—Ç—ä—Ç —Å–µ –Ω–∞–º ..., —Ç–µ–ª.: 0895988170","120 –∫–≤.–º, 4-—Ç–∏ –µ—Ç. –æ—Ç 5, –¢–ï–¶, 1997 –≥., Galiano Estates  –∏–º–∞ —É–¥–æ–≤–æ–ª—Å—Ç–≤–∏–µ—Ç–æ –¥–∞ –í–∏ –ø—Ä–µ–¥—Å—Ç–∞–≤–∏ –≥–æ–ª—è–º —Ç—Ä–∏—Å—Ç–∞–µ–Ω –º–µ–∑–æ–Ω–µ—Ç –∑–∞ –ø—Ä–æ–¥–∞–∂–±–∞. –ò–º–æ—Ç—ä—Ç —Å–µ –Ω–∞–º ..., —Ç–µ–ª.: 0895988170",//www.imot.bg/obiava-1f176476455900905-prodava-mezonet-grad-sofiya-belite-brezi,–ü–æ–≤–µ—á–µ –¥–µ—Ç–∞–π–ª–∏–∏ 4 —Å–Ω–∏–º–∫–∏,0895988170,–ì–ê–õ–ò–ê–ù–û –ï–°–¢–ï–ô–¢–°,//galianoestates.imot.bg,1,0,2441.67,https://www.imot.bg/obiavi/prodazhbi/grad-sofiya/mezonet?raioni=21~22~23~57~60~63~72~80~81~85~86~120~132~146~147~6101~,2026-01-25T19:31:25.027364
299 000 ‚Ç¨584 793.17 –ª–≤.,–ü—Ä–æ–¥–∞–≤–∞ –ú–ï–ó–û–ù–ï–¢,"–≥—Ä–∞–¥ –°–æ—Ñ–∏—è, –ë–µ–ª–∏—Ç–µ –±—Ä–µ–∑–∏","100 –∫–≤.–º, 7-–º–∏ –µ—Ç. –æ—Ç 8, –í—ä–≤–µ–¥–µ–Ω –≤ –µ–∫—Å–ø–ª–æ–∞—Ç–∞—Ü–∏—è 2005 –≥., –†–µ—Ñ.   022603  –ê–≥–µ–Ω—Ü–∏—è –∑–∞ –Ω–µ–¥–≤–∏–∂–∏–º–∏ –∏–º–æ—Ç–∏ BAS Properties –ø—Ä–µ–¥–ª–∞–≥–∞ –∑–∞ –ø—Ä–æ–¥–∞–∂–±–∞ —Å–≤–µ—Ç—ä–ª –∏ –ø—Ä–æ—Å—Ç–æ—Ä–µ–Ω –º–µ–∑ ..., —Ç–µ–ª.: 0899 818 212","100 –∫–≤.–º, 7-–º–∏ –µ—Ç. –æ—Ç 8, –í—ä–≤–µ–¥–µ–Ω –≤ –µ–∫—Å–ø–ª–æ–∞—Ç–∞—Ü–∏—è 2005 –≥., –†–µ—Ñ.   022603  –ê–≥–µ–Ω—Ü–∏—è –∑–∞ –Ω–µ–¥–≤–∏–∂–∏–º–∏ –∏–º–æ—Ç–∏ BAS Properties –ø—Ä–µ–¥–ª–∞–≥–∞ –∑–∞ –ø—Ä–æ–¥–∞–∂–±–∞ —Å–≤–µ—Ç—ä–ª –∏ –ø—Ä–æ—Å—Ç–æ—Ä–µ–Ω –º–µ–∑ ..., —Ç–µ–ª.: 0899 818 212",//www.imot.bg/obiava-1f176518416280865-prodava-mezonet-grad-sofiya-belite-brezi,–ü–æ–≤–µ—á–µ –¥–µ—Ç–∞–π–ª–∏–∏ 9 —Å–Ω–∏–º–∫–∏,0899 818 212,–ë–ê–° –ü–†–û–ü–™–†–¢–ò–°,//basproperties22.imot.bg,1,0,2990.0,https://www.imot.bg/obiavi/prodazhbi/grad-sofiya/mezonet?raioni=21~22~23~57~60~63~72~80~81~85~86~120~132~146~147~6101~,2026-01-25T19:31:25.028288
400 000 ‚Ç¨782 332.00 –ª–≤.,–ü—Ä–æ–¥–∞–≤–∞ –ú–ï–ó–û–ù–ï–¢,"–≥—Ä–∞–¥ –°–æ—Ñ–∏—è, –ë–µ–ª–∏—Ç–µ –±—Ä–µ–∑–∏","213 –∫–≤.–º, 6-—Ç–∏ –µ—Ç. –æ—Ç 7, –í—ä–≤–µ–¥–µ–Ω –≤ –µ–∫—Å–ø–ª–æ–∞—Ç–∞—Ü–∏—è 2007 –≥., –ú–µ–∑–æ–Ω–µ—Ç –≤ —Ç—É—Ö–ª–µ–Ω –±–ª–æ–∫ –¥–æ –º–µ—Ç—Ä–æ—Å—Ç–∞–Ω—Ü–∏—è –ö–†–ê–°–ù–û –°–ï–õ–û.  –ê–ø–∞—Ä—Ç–∞–º–µ–Ω—Ç—ä—Ç –µ —Å—ä—Å —Å–ª–µ–¥–Ω–æ—Ç–æ —Ä–∞–∑–ø—Ä–µ–¥–µ–ª–µ–Ω–∏–µ: –ü—ä—Ä–≤–æ ..., —Ç–µ–ª.: 0889888014","213 –∫–≤.–º, 6-—Ç–∏ –µ—Ç. –æ—Ç 7, –í—ä–≤–µ–¥–µ–Ω –≤ –µ–∫—Å–ø–ª–æ–∞—Ç–∞—Ü–∏—è 2007 –≥., –ú–µ–∑–æ–Ω–µ—Ç –≤ —Ç—É—Ö–ª–µ–Ω –±–ª–æ–∫ –¥–æ –º–µ—Ç—Ä–æ—Å—Ç–∞–Ω—Ü–∏—è –ö–†–ê–°–ù–û –°–ï–õ–û.  –ê–ø–∞—Ä—Ç–∞–º–µ–Ω—Ç—ä—Ç –µ —Å—ä—Å —Å–ª–µ–¥–Ω–æ—Ç–æ —Ä–∞–∑–ø—Ä–µ–¥–µ–ª–µ–Ω–∏–µ: –ü—ä—Ä–≤–æ ..., —Ç–µ–ª.: 0889888014",//www.imot.bg/obiava-1f168268700980323-prodava-mezonet-grad-sofiya-belite-brezi,–ü–æ–≤–µ—á–µ –¥–µ—Ç–∞–π–ª–∏–∏ 16 —Å–Ω–∏–º–∫–∏,0889888014,–î–ï–õ–¢–ê 3 –†–ò–™–õ –ï–°–¢–ï–ô–¢ –¢–ú –û–û–î,//delta3estate.imot.bg,1,0,1877.93,https://www.imot.bg/obiavi/prodazhbi/grad-sofiya/mezonet?raioni=21~22~23~57~60~63~72~80~81~85~86~120~132~146~147~6101~,2026-01-25T19:31:25.029219
400 000 ‚Ç¨782 332.00 –ª–≤.,–ü—Ä–æ–¥–∞–≤–∞ –ú–ï–ó–û–ù–ï–¢,"–≥—Ä–∞–¥ –°–æ—Ñ–∏—è, –ë–µ–ª–∏—Ç–µ –±—Ä–µ–∑–∏","150 –∫–≤.–º, 7-–º–∏ –µ—Ç. –æ—Ç 8, –í—ä–≤–µ–¥–µ–Ω –≤ –µ–∫—Å–ø–ª–æ–∞—Ç–∞—Ü–∏—è 2006 –≥., –ò–Ω–∂—Ç–∞–ª–∞–Ω—Ç –í–∏,  –ø—Ä–µ–¥–ª–∞–≥–∞ –º–µ–∑–æ–Ω–µ—Ç –Ω–∞ –¥–≤–µ –Ω–∏–≤–∞ –∏ –≥–æ–ª—è–º–∞ –ø–æ–∫—Ä–∏–≤–Ω–∞ —Ç–µ—Ä–∞—Å–∞ –Ω–∞ –ø–æ—Å–ª–µ–¥–Ω–∏—è –µ—Ç–∞–∂.–ú–µ–∑–æ–Ω–µ—Ç—ä—Ç –µ —Ä ..., —Ç–µ–ª.: 0878283673","150 –∫–≤.–º, 7-–º–∏ –µ—Ç. –æ—Ç 8, –í—ä–≤–µ–¥–µ–Ω –≤ –µ–∫—Å–ø–ª–æ–∞—Ç–∞—Ü–∏—è 2006 –≥., –ò–Ω–∂—Ç–∞–ª–∞–Ω—Ç –í–∏,  –ø—Ä–µ–¥–ª–∞–≥–∞ –º–µ–∑–æ–Ω–µ—Ç –Ω–∞ –¥–≤–µ –Ω–∏–≤–∞ –∏ –≥–æ–ª—è–º–∞ –ø–æ–∫—Ä–∏–≤–Ω–∞ —Ç–µ—Ä–∞—Å–∞ –Ω–∞ –ø–æ—Å–ª–µ–¥–Ω–∏—è –µ—Ç–∞–∂.–ú–µ–∑–æ–Ω–µ—Ç—ä—Ç –µ —Ä ..., —Ç–µ–ª.: 0878283673",//www.imot.bg/obiava-1f165315080186413-prodava-mezonet-grad-sofiya-belite-brezi,–ü–æ–≤–µ—á–µ –¥–µ—Ç–∞–π–ª–∏–∏ 6 —Å–Ω–∏–º–∫–∏,0878283673,–ò–ù–ñ–¢–ê–õ–ê–ù–¢-–ì –ï–û–û–î,//ingtalant.imot.bg,1,0,2666.67,https://www.imot.bg/obiavi/prodazhbi/grad-sofiya/mezonet?raioni=21~22~23~57~60~63~72~80~81~85~86~120~132~146~147~6101~,2026-01-25T19:31:25.030133
425 898 ‚Ç¨832 984.09 –ª–≤.,–ü—Ä–æ–¥–∞–≤–∞ –ú–ï–ó–û–ù–ï–¢,"–≥—Ä–∞–¥ –°–æ—Ñ–∏—è, –ë–µ–ª–∏—Ç–µ –±—Ä–µ–∑–∏","130 –∫–≤.–º, 5-—Ç–∏ –µ—Ç. –æ—Ç 6, –¢–ï–¶, –í—ä–≤–µ–¥–µ–Ω –≤ –µ–∫—Å–ø–ª–æ–∞—Ç–∞—Ü–∏—è 2008 –≥., –ï–ö–°–ö–õ–£–ó–ò–í–ù–ê –û–§–ï–†–¢–ê!!! 'PETRA Estates 15' –ø—Ä–æ–¥–∞–≤–∞ –ï–ö–°–ö–õ–£–ó–ò–í–ù–û –ø—Ä–æ—Å—Ç–æ—Ä–µ–Ω, —Ç–æ–ø—ä–ª –∏ —Å–≤–µ—Ç—ä–ª –∞–ø–∞—Ä—Ç ..., —Ç–µ–ª.: 0877971670","130 –∫–≤.–º, 5-—Ç–∏ –µ—Ç. –æ—Ç 6, –¢–ï–¶, –í—ä–≤–µ–¥–µ–Ω –≤ –µ–∫—Å–ø–ª–æ–∞—Ç–∞—Ü–∏—è 2008 –≥., –ï–ö–°–ö–õ–£–ó–ò–í–ù–ê –û–§–ï–†–¢–ê!!! 'PETRA Estates 15' –ø—Ä–æ–¥–∞–≤–∞ –ï–ö–°–ö–õ–£–ó–ò–í–ù–û –ø—Ä–æ—Å—Ç–æ—Ä–µ–Ω, —Ç–æ–ø—ä–ª –∏ —Å–≤–µ—Ç—ä–ª –∞–ø–∞—Ä—Ç ..., —Ç–µ–ª.: 0877971670",//www.imot.bg/obiava-1f176642464051946-prodava-mezonet-grad-sofiya-belite-brezi,–ü–æ–≤–µ—á–µ –¥–µ—Ç–∞–π–ª–∏–∏ 17 —Å–Ω–∏–º–∫–∏,0877971670,–ü–ï–¢–†–ê –ï–°–¢–ï–ô–¢–° 15 –ï–û–û–î,//petraestates15.imot.bg,1,0,3276.14,https://www.imot.bg/obiavi/prodazhbi/grad-sofiya/mezonet?raioni=21~22~23~57~60~63~72~80~81~85~86~120~132~146~147~6101~,2026-01-25T19:31:25.031078
520 000 ‚Ç¨1 017 031.60 –ª–≤.,–ü—Ä–æ–¥–∞–≤–∞ –ú–ï–ó–û–ù–ï–¢,"–≥—Ä–∞–¥ –°–æ—Ñ–∏—è, –ë–µ–ª–∏—Ç–µ –±—Ä–µ–∑–∏","220 –∫–≤.–º, —É–ª. –ü—Ä–æ—Ñ. –¥-—Ä –î. –ê—Ç–∞–Ω–∞—Å–æ–≤, 5-—Ç–∏ –µ—Ç. –æ—Ç 7, –í—ä–≤–µ–¥–µ–Ω –≤ –µ–∫—Å–ø–ª–æ–∞—Ç–∞—Ü–∏—è 2007 –≥., Sofia In /www.sofiain.com/ –ø—Ä–µ–¥—Å—Ç–∞–≤—è –Ω–∞ –í–∞—à–µ—Ç–æ –≤–Ω–∏–º–∞–Ω–∏–µ:  –ú–µ–∑–æ–Ω–µ—Ç –Ω–∞ 5-—Ç–∏ –∏ 6-—Ç–∏ –µ—Ç–∞–∂ –≤ —Å–µ–¥–µ–º –µ—Ç–∞–∂–Ω–∞ ..., —Ç–µ–ª.: 0882679633","220 –∫–≤.–º, —É–ª. –ü—Ä–æ—Ñ. –¥-—Ä –î. –ê—Ç–∞–Ω–∞—Å–æ–≤, 5-—Ç–∏ –µ—Ç. –æ—Ç 7, –í—ä–≤–µ–¥–µ–Ω –≤ –µ–∫—Å–ø–ª–æ–∞—Ç–∞—Ü–∏—è 2007 –≥., Sofia In /www.sofiain.com/ –ø—Ä–µ–¥—Å—Ç–∞–≤—è –Ω–∞ –í–∞—à–µ—Ç–æ –≤–Ω–∏–º–∞–Ω–∏–µ:  –ú–µ–∑–æ–Ω–µ—Ç –Ω–∞ 5-—Ç–∏ –∏ 6-—Ç–∏ –µ—Ç–∞–∂ –≤ —Å–µ–¥–µ–º –µ—Ç–∞–∂–Ω–∞ ..., —Ç–µ–ª.: 0882679633",//www.imot.bg/obiava-1f175629073119590-prodava-mezonet-grad-sofiya-belite-brezi-ul-prof-d-r-d-atanasov,–ü–æ–≤–µ—á–µ –¥–µ—Ç–∞–π–ª–∏–∏ 14 —Å–Ω–∏–º–∫–∏,0882679633,–°–û–§–ò–Ø –ò–ù,//sofiain.imot.bg,1,0,2363.64,https://www.imot.bg/obiavi/prodazhbi/grad-sofiya/mezonet?raioni=21~22~23~57~60~63~72~80~81~85~86~120~132~146~147~6101~,2026-01-25T19:31:25.032026
520 000 ‚Ç¨1 017 031.60 –ª–≤.,–ü—Ä–æ–¥–∞–≤–∞ –ú–ï–ó–û–ù–ï–¢,"–≥—Ä–∞–¥ –°–æ—Ñ–∏—è, –ë–µ–ª–∏—Ç–µ –±—Ä–µ–∑–∏","200 –∫–≤.–º, —É–ª. –ü—Ä–æ—Ñ. –¥-—Ä –î. –ê—Ç–∞–Ω–∞—Å–æ–≤, 5-—Ç–∏ –µ—Ç. –æ—Ç 7, –í—ä–≤–µ–¥–µ–Ω –≤ –µ–∫—Å–ø–ª–æ–∞—Ç–∞—Ü–∏—è 2005 –≥., –ß—É–¥–µ—Å–Ω–æ –º—è—Å—Ç–æ –≤ –±–ª–∏–∑–æ—Å—Ç –¥–æ –ø–ª.–†—É—á–µ–π!–¢–∏—Ö–∞ —É–ª–∏—Ü–∞ –Ω–∞ –∫–æ–º—É–Ω–∏–∫–∞—Ç–∏–≤–Ω–æ –º—è—Å—Ç–æ –≤ –±–ª–∏–∑–æ—Å—Ç –¥–æ –º–µ—Ç—Ä–æ, —Ç—Ä–æ–ª–µ–π–±—É—Å–∏ ..., —Ç–µ–ª.: 0898672696","200 –∫–≤.–º, —É–ª. –ü—Ä–æ—Ñ. –¥-—Ä –î. –ê—Ç–∞–Ω–∞—Å–æ–≤, 5-—Ç–∏ –µ—Ç. –æ—Ç 7, –í—ä–≤–µ–¥–µ–Ω –≤ –µ–∫—Å–ø–ª–æ–∞—Ç–∞—Ü–∏—è 2005 –≥., –ß—É–¥–µ—Å–Ω–æ –º—è—Å—Ç–æ –≤ –±–ª–∏–∑–æ—Å—Ç –¥–æ –ø–ª.–†—É—á–µ–π!–¢–∏—Ö–∞ —É–ª–∏—Ü–∞ –Ω–∞ –∫–æ–º—É–Ω–∏–∫–∞—Ç–∏–≤–Ω–æ –º—è—Å—Ç–æ –≤ –±–ª–∏–∑–æ—Å—Ç –¥–æ –º–µ—Ç—Ä–æ, —Ç—Ä–æ–ª–µ–π–±—É—Å–∏ ..., —Ç–µ–ª.: 0898672696",//www.imot.bg/obiava-1f176070114961201-prodava-mezonet-grad-sofiya-belite-brezi-ul-prof-d-r-d-atanasov,–ü–æ–≤–µ—á–µ –¥–µ—Ç–∞–π–ª–∏–∏ 17 —Å–Ω–∏–º–∫–∏,0898672696,–ï–¢–™–†–ù–ê–õ –ï–°–¢–ï–ô–¢–° –û–û–î,//eternal.imot.bg,1,0,2600.0,https://www.imot.bg/obiavi/prodazhbi/grad-sofiya/mezonet?raioni=21~22~23~57~60~63~72~80~81~85~86~120~132~146~147~6101~,2026-01-25T19:31:25.032993
599 900 ‚Ç¨1 173 302.42 –ª–≤.,–ü—Ä–æ–¥–∞–≤–∞ –ú–ï–ó–û–ù–ï–¢,"–≥—Ä–∞–¥ –°–æ—Ñ–∏—è, –ë–µ–ª–∏—Ç–µ –±—Ä–µ–∑–∏","245 –∫–≤.–º, 8-–º–∏ –µ—Ç. –æ—Ç 9, –¢–ï–¶, 2012 –≥., –ë–∏–ª–¥–∏–Ω–≥ –ë–æ–∫—Å –ø—Ä–µ–¥–ª–∞–≥–∞ –∑–∞ –ø—Ä–æ–¥–∞–∂–±–∞ –∞–ø–∞—Ä—Ç–∞–º–µ–Ω—Ç –≤ –µ–¥–∏–Ω –æ—Ç –Ω–∞–π-–ø—Ä–µ–¥–ø–æ—á–∏—Ç–∞–Ω–∏—Ç–µ –∫–æ–º—É–Ω–∏–∫–∞—Ç–∏—á–Ω–∏ –∏ —Å—ä—â–µ–≤—Ä–µ–º–µ–Ω ..., —Ç–µ–ª.: 0879900994","245 –∫–≤.–º, 8-–º–∏ –µ—Ç. –æ—Ç 9, –¢–ï–¶, 2012 –≥., –ë–∏–ª–¥–∏–Ω–≥ –ë–æ–∫—Å –ø—Ä–µ–¥–ª–∞–≥–∞ –∑–∞ –ø—Ä–æ–¥–∞–∂–±–∞ –∞–ø–∞—Ä—Ç–∞–º–µ–Ω—Ç –≤ –µ–¥–∏–Ω –æ—Ç –Ω–∞–π-–ø—Ä–µ–¥–ø–æ—á–∏—Ç–∞–Ω–∏—Ç–µ –∫–æ–º—É–Ω–∏–∫–∞—Ç–∏—á–Ω–∏ –∏ —Å—ä—â–µ–≤—Ä–µ–º–µ–Ω ..., —Ç–µ–ª.: 0879900994",//www.imot.bg/obiava-1f175976561209230-prodava-mezonet-grad-sofiya-belite-brezi,–ü–æ–≤–µ—á–µ –¥–µ—Ç–∞–π–ª–∏–∏ 15 —Å–Ω–∏–º–∫–∏,0879900994,–ë–ò–õ–î–ò–ù–ì –ë–û–ö–°,//buildingbox.imot.bg,1,0,2448.57,https://www.imot.bg/obiavi/prodazhbi/grad-sofiya/mezonet?raioni=21~22~23~57~60~63~72~80~81~85~86~120~132~146~147~6101~,2026-01-25T19:31:25.033954
369 999 ‚Ç¨723 655.14 –ª–≤.,–ü—Ä–æ–¥–∞–≤–∞ –ú–ï–ó–û–ù–ï–¢,"–≥—Ä–∞–¥ –°–æ—Ñ–∏—è, –∂.–≥—Ä.–ó–æ–æ–ø–∞—Ä–∫","302 –∫–≤.–º, –±—É–ª. –°–∏–º–µ–æ–Ω–æ–≤—Å–∫–æ —à–æ—Å–µ, 8-–º–∏ –µ—Ç. –æ—Ç 9, –¢–ï–¶, –í—ä–≤–µ–¥–µ–Ω –≤ –µ–∫—Å–ø–ª–æ–∞—Ç–∞—Ü–∏—è 2001 –≥., –û–¢–õ–ò–ß–ù–ê –õ–û–ö–ê–¶–ò–Ø ! ! ! –î–û '–õ–û–í–ï–ù –ü–ê–†–ö' ! ! !  –ü—Ä–µ–¥–ª–∞–≥–∞–º–µ –Ω–∞ –≤–∞—à–µ—Ç–æ –≤–Ω–∏–º–∞–Ω–∏–µ –ø—Ä–æ—Å—Ç–æ—Ä–µ–Ω –º–µ–∑–æ–Ω–µ—Ç, —Ä–∞–∑–ø–æ–ª ..., —Ç–µ–ª.: 0875363330","302 –∫–≤.–º, –±—É–ª. –°–∏–º–µ–æ–Ω–æ–≤—Å–∫–æ —à–æ—Å–µ, 8-–º–∏ –µ—Ç. –æ—Ç 9, –¢–ï–¶, –í—ä–≤–µ–¥–µ–Ω –≤ –µ–∫—Å–ø–ª–æ–∞—Ç–∞—Ü–∏—è 2001 –≥., –û–¢–õ–ò–ß–ù–ê –õ–û–ö–ê–¶–ò–Ø ! ! ! –î–û '–õ–û–í–ï–ù –ü–ê–†–ö' ! ! !  –ü—Ä–µ–¥–ª–∞–≥–∞–º–µ –Ω–∞ –≤–∞—à–µ—Ç–æ –≤–Ω–∏–º–∞–Ω–∏–µ –ø—Ä–æ—Å—Ç–æ—Ä–µ–Ω –º–µ–∑–æ–Ω–µ—Ç, —Ä–∞–∑–ø–æ–ª ..., —Ç–µ–ª.: 0875363330",//www.imot.bg/obiava-1f176823106331961-prodava-mezonet-grad-sofiya-zh-gr-zoopark-bul-simeonovsko-shose,–ü–æ–≤–µ—á–µ –¥–µ—Ç–∞–π–ª–∏–∏ 8 —Å–Ω–∏–º–∫–∏,0875363330,–•–û–£–ú –¢–£ –Æ –û–§–ò–° –•–†–ò–°–¢–û –ë–û–¢–ï–í,//home2u.imot.bg,1,0,1225.16,https://www.imot.bg/obiavi/prodazhbi/grad-sofiya/mezonet?raioni=21~22~23~57~60~63~72~80~81~85~86~120~132~146~147~6101~,2026-01-25T19:31:25.034897
692 000 ‚Ç¨1 353 434.36 –ª–≤.,–ü—Ä–æ–¥–∞–≤–∞ –ú–ï–ó–û–ù–ï–¢,"–≥—Ä–∞–¥ –°–æ—Ñ–∏—è, –ò–∑–≥—Ä–µ–≤","270 –∫–≤.–º, –¢–ï–¶, –í—ä–≤–µ–¥–µ–Ω –≤ –µ–∫—Å–ø–ª–æ–∞—Ç–∞—Ü–∏—è 2023 –≥., AKT 16!!! –ú–ù–û–ì–û –í–ò–°–û–ö–û –ö–ê–ß–ï–°–¢–í–û! –ê–≥–µ–Ω—Ü–∏—è –∑–∞ –Ω–µ–¥–≤–∏–∂–∏–º–∏ –∏–º–æ—Ç–∏ ' –ù–∞–π—Å –•–æ—É–º' –ø—Ä–µ–¥–ª–∞–≥–∞, —á–∏—Å—Ç–æ –Ω–æ–≤ ..., —Ç–µ–ª.: 0878208555","270 –∫–≤.–º, –¢–ï–¶, –í—ä–≤–µ–¥–µ–Ω –≤ –µ–∫—Å–ø–ª–æ–∞—Ç–∞—Ü–∏—è 2023 –≥., AKT 16!!! –ú–ù–û–ì–û –í–ò–°–û–ö–û –ö–ê–ß–ï–°–¢–í–û! –ê–≥–µ–Ω—Ü–∏—è –∑–∞ –Ω–µ–¥–≤–∏–∂–∏–º–∏ –∏–º–æ—Ç–∏ ' –ù–∞–π—Å –•–æ—É–º' –ø—Ä–µ–¥–ª–∞–≥–∞, —á–∏—Å—Ç–æ –Ω–æ–≤ ..., —Ç–µ–ª.: 0878208555",//www.imot.bg/obiava-1f167525867457343-prodava-mezonet-grad-sofiya-izgrev,–ü–æ–≤–µ—á–µ –¥–µ—Ç–∞–π–ª–∏–∏ 15 —Å–Ω–∏–º–∫–∏,0878208555,–ù–ê–ô–° –•–û–£–ú,//nice_home.imot.bg,1,0,2562.96,https://www.imot.bg/obiavi/prodazhbi/grad-sofiya/mezonet?raioni=21~22~23~57~60~63~72~80~81~85~86~120~132~146~147~6101~,2026-01-25T19:31:25.035832
350 000 ‚Ç¨684 540.50 –ª–≤.,–ü—Ä–æ–¥–∞–≤–∞ –ú–ï–ó–û–ù–ï–¢,"–≥—Ä–∞–¥ –°–æ—Ñ–∏—è, –ò–∑—Ç–æ–∫","104 –∫–≤.–º, —É–ª. –ê–Ω—Ç–æ–Ω –ü. –ß–µ—Ö–æ–≤, 5-—Ç–∏ –µ—Ç. –æ—Ç 6, –õ–æ–∫.–æ—Ç–æ–ø–ª., –í—ä–≤–µ–¥–µ–Ω –≤ –µ–∫—Å–ø–ª–æ–∞—Ç–∞—Ü–∏—è, –ú–ù–û–ì–û –•–£–ë–ê–í–ê –õ–û–ö–ê–¶–ò–Ø! –í–™–ó–ú–û–ñ–ù–û–°–¢ –ó–ê –ü–†–ï–£–°–¢–†–û–ô–°–¢–í–û! JJ Corporation –ø—Ä–µ–¥–ª–∞–≥–∞ –Ω–∞ –í–∞—à–µ—Ç–æ –≤–Ω–∏–º–∞–Ω–∏–µ —Ç—Ä–∏—Å—Ç–∞ ..., —Ç–µ–ª.: 0887219224","104 –∫–≤.–º, —É–ª. –ê–Ω—Ç–æ–Ω –ü. –ß–µ—Ö–æ–≤, 5-—Ç–∏ –µ—Ç. –æ—Ç 6, –õ–æ–∫.–æ—Ç–æ–ø–ª., –í—ä–≤–µ–¥–µ–Ω –≤ –µ–∫—Å–ø–ª–æ–∞—Ç–∞—Ü–∏—è, –ú–ù–û–ì–û –•–£–ë–ê–í–ê –õ–û–ö–ê–¶–ò–Ø! –í–™–ó–ú–û–ñ–ù–û–°–¢ –ó–ê –ü–†–ï–£–°–¢–†–û–ô–°–¢–í–û! JJ Corporation –ø—Ä–µ–¥–ª–∞–≥–∞ –Ω–∞ –í–∞—à–µ—Ç–æ –≤–Ω–∏–º–∞–Ω–∏–µ —Ç—Ä–∏—Å—Ç–∞ ..., —Ç–µ–ª.: 0887219224",//www.imot.bg/obiava-1f175914781730755-prodava-mezonet-grad-sofiya-iztok-ul-anton-p-chehov,–ü–æ–≤–µ—á–µ –¥–µ—Ç–∞–π–ª–∏–∏ 17 —Å–Ω–∏–º–∫–∏,0887219224,–î–ñ–ï–ô –ò –î–ñ–ï–ô –ö–û–†–ü–û–†–ï–ô–®–™–ù –û–û–î,//jjcorporation.imot.bg,1,0,3365.38,https://www.imot.bg/obiavi/prodazhbi/grad-sofiya/mezonet?raioni=21~22~23~57~60~63~72~80~81~85~86~120~132~146~147~6101~,2026-01-25T19:31:25.036800
520 000 ‚Ç¨1 017 031.60 –ª–≤.,–ü—Ä–æ–¥–∞–≤–∞ –ú–ï–ó–û–ù–ï–¢,"–≥—Ä–∞–¥ –°–æ—Ñ–∏—è, –ò–∑—Ç–æ–∫","119 –∫–≤.–º, 5-—Ç–∏ –µ—Ç. –æ—Ç 5, –¢–ï–¶, –í—ä–≤–µ–¥–µ–Ω –≤ –µ–∫—Å–ø–ª–æ–∞—Ç–∞—Ü–∏—è, LUXIMMO FINEST ESTATES: www.luximmo.bg –ü—Ä–µ–¥—Å—Ç–∞–≤—è–º–µ –í–∏ –∏–∑–∫–ª—é—á–∏—Ç–µ–ª–µ–Ω –∏–º–æ—Ç   –º–µ–∑–æ–Ω–µ—Ç –Ω–∞ –ø–æ—Å–ª–µ–¥–µ–Ω –µ—Ç–∞–∂ —Å ..., —Ç–µ–ª.: 0884604530","119 –∫–≤.–º, 5-—Ç–∏ –µ—Ç. –æ—Ç 5, –¢–ï–¶, –í—ä–≤–µ–¥–µ–Ω –≤ –µ–∫—Å–ø–ª–æ–∞—Ç–∞—Ü–∏—è, LUXIMMO FINEST ESTATES: www.luximmo.bg –ü—Ä–µ–¥—Å—Ç–∞–≤—è–º–µ –í–∏ –∏–∑–∫–ª—é—á–∏—Ç–µ–ª–µ–Ω –∏–º–æ—Ç   –º–µ–∑–æ–Ω–µ—Ç –Ω–∞ –ø–æ—Å–ª–µ–¥–µ–Ω –µ—Ç–∞–∂ —Å ..., —Ç–µ–ª.: 0884604530",//www.imot.bg/obiava-1f175870440224327-prodava-mezonet-grad-sofiya-iztok,–ü–æ–≤–µ—á–µ –¥–µ—Ç–∞–π–ª–∏–∏ 17 —Å–Ω–∏–º–∫–∏,0884604530,–õ–£–ö–°–ò–ú–ú–û,//luximmo.imot.bg,1,0,4369.75,https://www.imot.bg/obiavi/prodazhbi/grad-sofiya/mezonet?raioni=21~22~23~57~60~63~72~80~81~85~86~120~132~146~147~6101~,2026-01-25T19:31:25.037801
949 900 ‚Ç¨1 857 842.92 –ª–≤.,–ü—Ä–æ–¥–∞–≤–∞ –ú–ï–ó–û–ù–ï–¢,"–≥—Ä–∞–¥ –°–æ—Ñ–∏—è, –ò–∑—Ç–æ–∫","402 –∫–≤.–º, —É–ª. –ê–∫–∞–¥. –ú–µ—Ç–æ–¥–∏ –ü–æ–ø–æ–≤, 6-—Ç–∏ –µ—Ç. –æ—Ç 6, –¢–ï–¶, –í—ä–≤–µ–¥–µ–Ω –≤ –µ–∫—Å–ø–ª–æ–∞—Ç–∞—Ü–∏—è 2008 –≥., BULGARIMMO –ø—Ä–µ–¥—Å—Ç–∞–≤—è –Ω–∞ –í–∞—à–µ—Ç–æ –≤–Ω–∏–º–∞–Ω–∏–µ —Å—Ç–∏–ª–µ–Ω —á–µ—Ç–∏—Ä–∏—Å—Ç–∞–µ–Ω —Ç—Ä–∏–∑–æ–Ω–µ—Ç –≤ –µ–º–±–ª–µ–º–∞—Ç–∏—á–Ω–∞ —Å–≥—Ä–∞–¥–∞ –≤ –∫–≤–∞—Ä—Ç–∞–ª  ..., —Ç–µ–ª.: 0878297660","402 –∫–≤.–º, —É–ª. –ê–∫–∞–¥. –ú–µ—Ç–æ–¥–∏ –ü–æ–ø–æ–≤, 6-—Ç–∏ –µ—Ç. –æ—Ç 6, –¢–ï–¶, –í—ä–≤–µ–¥–µ–Ω –≤ –µ–∫—Å–ø–ª–æ–∞—Ç–∞—Ü–∏—è 2008 –≥., BULGARIMMO –ø—Ä–µ–¥—Å—Ç–∞–≤—è –Ω–∞ –í–∞—à–µ—Ç–æ –≤–Ω–∏–º–∞–Ω–∏–µ —Å—Ç–∏–ª–µ–Ω —á–µ—Ç–∏—Ä–∏—Å—Ç–∞–µ–Ω —Ç—Ä–∏–∑–æ–Ω–µ—Ç –≤ –µ–º–±–ª–µ–º–∞—Ç–∏—á–Ω–∞ —Å–≥—Ä–∞–¥–∞ –≤ –∫–≤–∞—Ä—Ç–∞–ª  ..., —Ç–µ–ª.: 0878297660",//www.imot.bg/obiava-1f176336489049572-prodava-mezonet-grad-sofiya-iztok-ul-akad-metodi-popov,–ü–æ–≤–µ—á–µ –¥–µ—Ç–∞–π–ª–∏–∏ 12 —Å–Ω–∏–º–∫–∏,0878297660,–ë–£–õ–ì–ê–†–ò–ú–û,//bulgarimmo.imot.bg,1,0,2362.94,https://www.imot.bg/obiavi/prodazhbi/grad-sofiya/mezonet?raioni=21~22~23~57~60~63~72~80~81~85~86~120~132~146~147~6101~,2026-01-25T19:31:25.038789
1 700 000 ‚Ç¨3 324 911.00 –ª–≤.,–ü—Ä–æ–¥–∞–≤–∞ –ú–ï–ó–û–ù–ï–¢,"–≥—Ä–∞–¥ –°–æ—Ñ–∏—è, –ò–∑—Ç–æ–∫","563 –∫–≤.–º, 6-—Ç–∏ –µ—Ç. –æ—Ç 7, –¢–ï–¶, –í—ä–≤–µ–¥–µ–Ω –≤ –µ–∫—Å–ø–ª–æ–∞—Ç–∞—Ü–∏—è 2019 –≥.,   –ü–û–õ–Æ–°–ò –ø—Ä–µ–¥–ª–∞–≥–∞ –º–µ–∑–æ–Ω–µ—Ç –Ω–∞ –∞—Ç—Ä–∞–∫—Ç–∏–≤–Ω–∞ –¥–µ—Å—Ç–∏–Ω–∞—Ü–∏—è –≤ —Å–≥—Ä–∞–¥–∞ —Å –¢–û–ü –∫–∞—á–µ—Å—Ç–≤–æ, —à—É–º–æ–∏–∑–æ–ª–∞—Ü–∏—è, –∫–∞–º–µ–Ω–Ω–∞ —Ñ–∞ ..., —Ç–µ–ª.: 0879262008","563 –∫–≤.–º, 6-—Ç–∏ –µ—Ç. –æ—Ç 7, –¢–ï–¶, –í—ä–≤–µ–¥–µ–Ω –≤ –µ–∫—Å–ø–ª–æ–∞—Ç–∞—Ü–∏—è 2019 –≥.,   –ü–û–õ–Æ–°–ò –ø—Ä–µ–¥–ª–∞–≥–∞ –º–µ–∑–æ–Ω–µ—Ç –Ω–∞ –∞—Ç—Ä–∞–∫—Ç–∏–≤–Ω–∞ –¥–µ—Å—Ç–∏–Ω–∞—Ü–∏—è –≤ —Å–≥—Ä–∞–¥–∞ —Å –¢–û–ü –∫–∞—á–µ—Å—Ç–≤–æ, —à—É–º–æ–∏–∑–æ–ª–∞—Ü–∏—è, –∫–∞–º–µ–Ω–Ω–∞ —Ñ–∞ ..., —Ç–µ–ª.: 0879262008",//www.imot.bg/obiava-1f167621904566334-prodava-mezonet-grad-sofiya-iztok,–ü–æ–≤–µ—á–µ –¥–µ—Ç–∞–π–ª–∏–∏ 6 —Å–Ω–∏–º–∫–∏,0879262008,–ü–û–õ–Æ–°–ò,//polusy.imot.bg,1,0,3019.54,https://www.imot.bg/obiavi/prodazhbi/grad-sofiya/mezonet?raioni=21~22~23~57~60~63~72~80~81~85~86~120~132~146~147~6101~,2026-01-25T19:31:25.039748
215 000 ‚Ç¨420 503.45 –ª–≤.,–ü—Ä–æ–¥–∞–≤–∞ –ú–ï–ó–û–ù–ï–¢,"–≥—Ä–∞–¥ –°–æ—Ñ–∏—è, –û–±–æ—Ä–∏—â–µ","89 –∫–≤.–º, 8-–º–∏ –µ—Ç. –æ—Ç 9, –¢–ï–¶, –í—ä–≤–µ–¥–µ–Ω –≤ –µ–∫—Å–ø–ª–æ–∞—Ç–∞—Ü–∏—è 2022 –≥., –ù–æ–≤ –ø–∞–Ω–æ—Ä–∞–º–µ–Ω —Ç—Ä–∏—Å—Ç–∞–µ–Ω –º–µ–∑–æ–Ω–µ—Ç –¥–æ –ø–ª. –†–æ–¥–∏–Ω–∞ –≤ —Å–≥—Ä–∞–¥–∞ —Å –ê–∫—Ç 16 –æ—Ç 2022 –≥. –ù–∞–º–∏—Ä–∞ —Å–µ –¥–æ —É–ª. –ß–µ—Ä–∫–æ–≤–Ω–∞, ..., —Ç–µ–ª.: 0878928703","89 –∫–≤.–º, 8-–º–∏ –µ—Ç. –æ—Ç 9, –¢–ï–¶, –í—ä–≤–µ–¥–µ–Ω –≤ –µ–∫—Å–ø–ª–æ–∞—Ç–∞—Ü–∏—è 2022 –≥., –ù–æ–≤ –ø–∞–Ω–æ—Ä–∞–º–µ–Ω —Ç—Ä–∏—Å—Ç–∞–µ–Ω –º–µ–∑–æ–Ω–µ—Ç –¥–æ –ø–ª. –†–æ–¥–∏–Ω–∞ –≤ —Å–≥—Ä–∞–¥–∞ —Å –ê–∫—Ç 16 –æ—Ç 2022 –≥. –ù–∞–º–∏—Ä–∞ —Å–µ –¥–æ —É–ª. –ß–µ—Ä–∫–æ–≤–Ω–∞, ..., —Ç–µ–ª.: 0878928703",//www.imot.bg/obiava-1f176286899440849-prodava-mezonet-grad-sofiya-oborishte,–ü–æ–≤–µ—á–µ –¥–µ—Ç–∞–π–ª–∏–∏ 17 —Å–Ω–∏–º–∫–∏,0878928703,–Æ–ü–ò–¢–ï–† 8 –ï–û–û–î,//jupiter.imot.bg,1,0,2415.73,https://www.imot.bg/obiavi/prodazhbi/grad-sofiya/mezonet?raioni=21~22~23~57~60~63~72~80~81~85~86~120~132~146~147~6101~,2026-01-25T19:31:25.040707
441 600 ‚Ç¨863 694.53 –ª–≤.,–ü—Ä–æ–¥–∞–≤–∞ –ú–ï–ó–û–ù–ï–¢,"–≥—Ä–∞–¥ –°–æ—Ñ–∏—è, –û–±–æ—Ä–∏—â–µ","138 –∫–≤.–º, 6-—Ç–∏ –µ—Ç. –æ—Ç 6, –©–µ –±—ä–¥–µ –≤—ä–≤–µ–¥–µ–Ω –≤ –µ–∫—Å–ø–ª–æ–∞—Ç–∞—Ü–∏—è 2027 –≥., - –°—Ç–∞—Ä—Ç–∏—Ä–∞—â–æ —Å—Ç—Ä–æ–∏—Ç–µ–ª—Å—Ç–≤–æ –Ω–∞ –∏–∑–∏—Å–∫–∞–Ω–∞ –Ω–æ–≤–∞ —Å–≥—Ä–∞–¥–∞ –≤ —Ä–∞–π–æ–Ω–∞ –Ω–∞ —É–ª. –î—Ä–∞–≥–æ–≤–∏—Ü–∞ , –≤ –±–ª–∏–∑–æ—Å—Ç –¥–æ mall ' –°–µ ..., —Ç–µ–ª.: 0877 613 094","138 –∫–≤.–º, 6-—Ç–∏ –µ—Ç. –æ—Ç 6, –©–µ –±—ä–¥–µ –≤—ä–≤–µ–¥–µ–Ω –≤ –µ–∫—Å–ø–ª–æ–∞—Ç–∞—Ü–∏—è 2027 –≥., - –°—Ç–∞—Ä—Ç–∏—Ä–∞—â–æ —Å—Ç—Ä–æ–∏—Ç–µ–ª—Å—Ç–≤–æ –Ω–∞ –∏–∑–∏—Å–∫–∞–Ω–∞ –Ω–æ–≤–∞ —Å–≥—Ä–∞–¥–∞ –≤ —Ä–∞–π–æ–Ω–∞ –Ω–∞ —É–ª. –î—Ä–∞–≥–æ–≤–∏—Ü–∞ , –≤ –±–ª–∏–∑–æ—Å—Ç –¥–æ mall ' –°–µ ..., —Ç–µ–ª.: 0877 613 094",//www.imot.bg/obiava-1f176893818272273-prodava-mezonet-grad-sofiya-oborishte,–ü–æ–≤–µ—á–µ –¥–µ—Ç–∞–π–ª–∏–∏ 3 —Å–Ω–∏–º–∫–∏,0877 613 094,–ï–ö–°–ü–ï–†–¢ –ï–°–¢–ï–ô–¢ –ì–†–£–ü,//expertbrokers.imot.bg,1,0,3200.0,https://www.imot.bg/obiavi/prodazhbi/grad-sofiya/mezonet?raioni=21~22~23~57~60~63~72~80~81~85~86~120~132~146~147~6101~,2026-01-25T19:31:25.041672
549 000 ‚Ç¨1 073 750.67 –ª–≤.,–ü—Ä–æ–¥–∞–≤–∞ –ú–ï–ó–û–ù–ï–¢,"–≥—Ä–∞–¥ –°–æ—Ñ–∏—è, –û–±–æ—Ä–∏—â–µ","200 –∫–≤.–º, 5-—Ç–∏ –µ—Ç. –æ—Ç 6, –¢–ï–¶, –í—ä–≤–µ–¥–µ–Ω –≤ –µ–∫—Å–ø–ª–æ–∞—Ç–∞—Ü–∏—è 2004 –≥., –ï–ö–°–ö–õ–£–ó–ò–í–ï–ù –ù–ê–ü–™–õ–ù–û –û–ë–ó–ê–í–ï–î–ï–ù,–ì–û–¢–û–í –ó–ê –ù–ê–ù–ê–°–Ø–ù–ï –ú–ï–ó–û–ù–ï–¢ –° –ü–ê–ù–û–†–ê–ú–ù–ê –ì–õ–ï–î–ö–ê –í –°–™–†–¶–ï–¢–û –ù–ê –û–ë–û–†–ò–©–ï! –ü—Ä–µ ..., —Ç–µ–ª.: 0888006716","200 –∫–≤.–º, 5-—Ç–∏ –µ—Ç. –æ—Ç 6, –¢–ï–¶, –í—ä–≤–µ–¥–µ–Ω –≤ –µ–∫—Å–ø–ª–æ–∞—Ç–∞—Ü–∏—è 2004 –≥., –ï–ö–°–ö–õ–£–ó–ò–í–ï–ù –ù–ê–ü–™–õ–ù–û –û–ë–ó–ê–í–ï–î–ï–ù,–ì–û–¢–û–í –ó–ê –ù–ê–ù–ê–°–Ø–ù–ï –ú–ï–ó–û–ù–ï–¢ –° –ü–ê–ù–û–†–ê–ú–ù–ê –ì–õ–ï–î–ö–ê –í –°–™–†–¶–ï–¢–û –ù–ê –û–ë–û–†–ò–©–ï! –ü—Ä–µ ..., —Ç–µ–ª.: 0888006716",//www.imot.bg/obiava-1f174903021906083-prodava-mezonet-grad-sofiya-oborishte,–ü–æ–≤–µ—á–µ –¥–µ—Ç–∞–π–ª–∏–∏ 11 —Å–Ω–∏–º–∫–∏,0888006716,–•–£–ë–ß–ï–í –ü–†–û–ü–™–†–¢–ò–° –ï–û–û–î,//hubchev.imot.bg,1,0,2745.0,https://www.imot.bg/obiavi/prodazhbi/grad-sofiya/mezonet?raioni=21~22~23~57~60~63~72~80~81~85~86~120~132~146~147~6101~,2026-01-25T19:31:25.042647
1 962 000 ‚Ç¨3 837 338.46 –ª–≤.,–ü—Ä–æ–¥–∞–≤–∞ –ú–ï–ó–û–ù–ï–¢,"–≥—Ä–∞–¥ –°–æ—Ñ–∏—è, –û–±–æ—Ä–∏—â–µ","467 –∫–≤.–º, 13-—Ç–∏ –µ—Ç. –æ—Ç 14, –¢–ï–¶, –©–µ –±—ä–¥–µ –≤—ä–≤–µ–¥–µ–Ω –≤ –µ–∫—Å–ø–ª–æ–∞—Ç–∞—Ü–∏—è 2026 –≥., First Estates –∏–º–∞ –æ–≥—Ä–æ–º–Ω–æ—Ç–æ —É–¥–æ–≤–æ–ª—Å—Ç–≤–∏–µ –¥–∞ –í–∏ –ø—Ä–µ–¥—Å—Ç–∞–≤–∏ –Ω–∞–π-–Ω–æ–≤–∏—è –ª—É–∫—Å–æ–∑–µ–Ω –∂–∏–ª–∏—â–µ–Ω –∫–æ–º–ø–ª–µ–∫—Å, —Å–≥—É—à–µ–Ω  ..., —Ç–µ–ª.: 070015151","467 –∫–≤.–º, 13-—Ç–∏ –µ—Ç. –æ—Ç 14, –¢–ï–¶, –©–µ –±—ä–¥–µ –≤—ä–≤–µ–¥–µ–Ω –≤ –µ–∫—Å–ø–ª–æ–∞—Ç–∞—Ü–∏—è 2026 –≥., First Estates –∏–º–∞ –æ–≥—Ä–æ–º–Ω–æ—Ç–æ —É–¥–æ–≤–æ–ª—Å—Ç–≤–∏–µ –¥–∞ –í–∏ –ø—Ä–µ–¥—Å—Ç–∞–≤–∏ –Ω–∞–π-–Ω–æ–≤–∏—è –ª—É–∫—Å–æ–∑–µ–Ω –∂–∏–ª–∏—â–µ–Ω –∫–æ–º–ø–ª–µ–∫—Å, —Å–≥—É—à–µ–Ω  ..., —Ç–µ–ª.: 070015151",//www.imot.bg/obiava-1f169926289352630-prodava-mezonet-grad-sofiya-oborishte,–ü–æ–≤–µ—á–µ –¥–µ—Ç–∞–π–ª–∏–∏ 17 —Å–Ω–∏–º–∫–∏,070015151,–§–™–†–°–¢ –ï–°–¢–ï–ô–¢–°,//first_estates.imot.bg,1,0,4201.28,https://www.imot.bg/obiavi/prodazhbi/grad-sofiya/mezonet?raioni=21~22~23~57~60~63~72~80~81~85~86~120~132~146~147~6101~,2026-01-25T19:31:25.043614
–¶–µ–Ω–∞ –ø—Ä–∏ –∑–∞–ø–∏—Ç–≤–∞–Ω–µ,–ü—Ä–æ–¥–∞–≤–∞ –ú–ï–ó–û–ù–ï–¢,"–≥—Ä–∞–¥ –°–æ—Ñ–∏—è, –û–±–æ—Ä–∏—â–µ","350 –∫–≤.–º, 6-—Ç–∏ –µ—Ç. –æ—Ç 7, –¢–ï–¶, 2017 –≥., –†–µ—Ñ–µ—Ä–µ–Ω—Ç–µ–Ω –Ω–æ–º–µ—Ä  24824  DELUXE REALTY –∏–º–∞ —É–¥–æ–≤–æ–ª—Å—Ç–≤–∏–µ—Ç–æ –¥–∞ –í–∏ –ø—Ä–µ–¥—Å—Ç–∞–≤–∏ —É–Ω–∏–∫–∞–ª–µ–Ω –ª—É–∫—Å–æ–∑–Ω–æ –æ–±–∑–∞–≤–µ–¥–µ–Ω ..., —Ç–µ–ª.: 0883 093 093","350 –∫–≤.–º, 6-—Ç–∏ –µ—Ç. –æ—Ç 7, –¢–ï–¶, 2017 –≥., –†–µ—Ñ–µ—Ä–µ–Ω—Ç–µ–Ω –Ω–æ–º–µ—Ä  24824  DELUXE REALTY –∏–º–∞ —É–¥–æ–≤–æ–ª—Å—Ç–≤–∏–µ—Ç–æ –¥–∞ –í–∏ –ø—Ä–µ–¥—Å—Ç–∞–≤–∏ —É–Ω–∏–∫–∞–ª–µ–Ω –ª—É–∫—Å–æ–∑–Ω–æ –æ–±–∑–∞–≤–µ–¥–µ–Ω ..., —Ç–µ–ª.: 0883 093 093",//www.imot.bg/obiava-1f168638602574423-prodava-mezonet-grad-sofiya-oborishte,–ü–æ–≤–µ—á–µ –¥–µ—Ç–∞–π–ª–∏–∏ 16 —Å–Ω–∏–º–∫–∏,0883 093 093,–î–ï–õ–£–ö–° –ü–†–û–ü–™–†–¢–ò–°,//deluxeproperties.imot.bg,1,0,,https://www.imot.bg/obiavi/prodazhbi/grad-sofiya/mezonet?raioni=21~22~23~57~60~63~72~80~81~85~86~120~132~146~147~6101~,2026-01-25T19:31:25.044553
215 000 ‚Ç¨420 503.45 –ª–≤.,–ü—Ä–æ–¥–∞–≤–∞ –ú–ï–ó–û–ù–ï–¢,"–≥—Ä–∞–¥ –°–æ—Ñ–∏—è, –ü–æ–¥—É—è–Ω–µ","89 –∫–≤.–º, —É–ª. –ß–µ—Ä–∫–æ–≤–Ω–∞, 8-–º–∏ –µ—Ç. –æ—Ç 9, –¢–ï–¶, –í—ä–≤–µ–¥–µ–Ω –≤ –µ–∫—Å–ø–ª–æ–∞—Ç–∞—Ü–∏—è 2022 –≥., –ù–æ–≤ –ø–∞–Ω–æ—Ä–∞–º–µ–Ω —Ç—Ä–∏—Å—Ç–∞–µ–Ω –º–µ–∑–æ–Ω–µ—Ç –¥–æ –ø–ª. –†–æ–¥–∏–Ω–∞ –≤ —Å–≥—Ä–∞–¥–∞ —Å –ê–∫—Ç 16 –æ—Ç 2022 –≥. –ù–∞–º–∏—Ä–∞ —Å–µ –¥–æ —É–ª. –ß–µ—Ä–∫–æ–≤–Ω–∞, ..., —Ç–µ–ª.: 0878928703","89 –∫–≤.–º, —É–ª. –ß–µ—Ä–∫–æ–≤–Ω–∞, 8-–º–∏ –µ—Ç. –æ—Ç 9, –¢–ï–¶, –í—ä–≤–µ–¥–µ–Ω –≤ –µ–∫—Å–ø–ª–æ–∞—Ç–∞—Ü–∏—è 2022 –≥., –ù–æ–≤ –ø–∞–Ω–æ—Ä–∞–º–µ–Ω —Ç—Ä–∏—Å—Ç–∞–µ–Ω –º–µ–∑–æ–Ω–µ—Ç –¥–æ –ø–ª. –†–æ–¥–∏–Ω–∞ –≤ —Å–≥—Ä–∞–¥–∞ —Å –ê–∫—Ç 16 –æ—Ç 2022 –≥. –ù–∞–º–∏—Ä–∞ —Å–µ –¥–æ —É–ª. –ß–µ—Ä–∫–æ–≤–Ω–∞, ..., —Ç–µ–ª.: 0878928703",//www.imot.bg/obiava-1f176286856886831-prodava-mezonet-grad-sofiya-poduyane-ul-cherkovna,–ü–æ–≤–µ—á–µ –¥–µ—Ç–∞–π–ª–∏–∏ 17 —Å–Ω–∏–º–∫–∏,0878928703,–Æ–ü–ò–¢–ï–† 8 –ï–û–û–î,//jupiter.imot.bg,1,0,2415.73,https://www.imot.bg/obiavi/prodazhbi/grad-sofiya/mezonet?raioni=21~22~23~57~60~63~72~80~81~85~86~120~132~146~147~6101~,2026-01-25T19:31:25.045516
700 000 ‚Ç¨1 369 081.00 –ª–≤.,–ü—Ä–æ–¥–∞–≤–∞ –ú–ï–ó–û–ù–ï–¢,"–≥—Ä–∞–¥ –°–æ—Ñ–∏—è, –ü–æ–¥—É—è–Ω–µ","183 –∫–≤.–º, 3-—Ç–∏ –µ—Ç. –æ—Ç 4, 2010 –≥., –ê–≥–µ–Ω—Ü–∏—è –ö–∏–±–µ–ª–∞ –ø—Ä–µ–¥–ª–∞–≥–∞ –º–µ–∑–æ–Ω–µ—Ç, —Å —Ä–∞–∑–ø—Ä–µ–¥–µ–ª–µ–Ω–∏–µ: –Ω–∞ –ø—ä—Ä–≤–æ—Ç–æ –Ω–∏–≤–æ –µ —Ä–∞–∑–ø–æ–ª–æ–∂–µ–Ω–∞ –ø—Ä–æ—Å—Ç–æ—Ä–Ω–∞ —Ç—Ä–∞–ø–µ–∑–∞—Ä–∏—è ..., —Ç–µ–ª.: 0893372070","183 –∫–≤.–º, 3-—Ç–∏ –µ—Ç. –æ—Ç 4, 2010 –≥., –ê–≥–µ–Ω—Ü–∏—è –ö–∏–±–µ–ª–∞ –ø—Ä–µ–¥–ª–∞–≥–∞ –º–µ–∑–æ–Ω–µ—Ç, —Å —Ä–∞–∑–ø—Ä–µ–¥–µ–ª–µ–Ω–∏–µ: –Ω–∞ –ø—ä—Ä–≤–æ—Ç–æ –Ω–∏–≤–æ –µ —Ä–∞–∑–ø–æ–ª–æ–∂–µ–Ω–∞ –ø—Ä–æ—Å—Ç–æ—Ä–Ω–∞ —Ç—Ä–∞–ø–µ–∑–∞—Ä–∏—è ..., —Ç–µ–ª.: 0893372070",//www.imot.bg/obiava-1f173436897427102-prodava-mezonet-grad-sofiya-poduyane,–ü–æ–≤–µ—á–µ –¥–µ—Ç–∞–π–ª–∏–∏ 17 —Å–Ω–∏–º–∫–∏,0893372070,–ö–ò–ë–ï–õ–ê,//kibela_homes123.imot.bg,1,0,3825.14,https://www.imot.bg/obiavi/prodazhbi/grad-sofiya/mezonet?raioni=21~22~23~57~60~63~72~80~81~85~86~120~132~146~147~6101~,2026-01-25T19:31:25.046477
370 000 ‚Ç¨723 657.10 –ª–≤.,–ü—Ä–æ–¥–∞–≤–∞ –ú–ï–ó–û–ù–ï–¢,"–≥—Ä–∞–¥ –°–æ—Ñ–∏—è, –†–µ–¥—É—Ç–∞","144 –∫–≤.–º, 5-—Ç–∏ –µ—Ç. –æ—Ç 6, –í—ä–≤–µ–¥–µ–Ω –≤ –µ–∫—Å–ø–ª–æ–∞—Ç–∞—Ü–∏—è 2004 –≥., –ò–º–∞–º–µ —É–¥–æ–≤–æ–ª—Å—Ç–≤–∏–µ—Ç–æ –¥–∞ –≤–∏ –ø—Ä–µ–¥–ª–æ–∂–∏–º –º–µ–∑–æ–Ω–µ—Ç ,—Ä–∞–∑–ø–æ–ª–æ–∂–µ–Ω –Ω–∞ 5/6–µ—Ç. –ù–∞ –ø—ä—Ä–æ –Ω–∏–≤–æ: –¥–Ω–µ–≤–Ω–∞,—Å–∞–º–æ—Å—Ç–æ—è—Ç–µ–ª–Ω–∞ ..., —Ç–µ–ª.: 0888705192","144 –∫–≤.–º, 5-—Ç–∏ –µ—Ç. –æ—Ç 6, –í—ä–≤–µ–¥–µ–Ω –≤ –µ–∫—Å–ø–ª–æ–∞—Ç–∞—Ü–∏—è 2004 –≥., –ò–º–∞–º–µ —É–¥–æ–≤–æ–ª—Å—Ç–≤–∏–µ—Ç–æ –¥–∞ –≤–∏ –ø—Ä–µ–¥–ª–æ–∂–∏–º –º–µ–∑–æ–Ω–µ—Ç ,—Ä–∞–∑–ø–æ–ª–æ–∂–µ–Ω –Ω–∞ 5/6–µ—Ç. –ù–∞ –ø—ä—Ä–æ –Ω–∏–≤–æ: –¥–Ω–µ–≤–Ω–∞,—Å–∞–º–æ—Å—Ç–æ—è—Ç–µ–ª–Ω–∞ ..., —Ç–µ–ª.: 0888705192",//www.imot.bg/obiava-1f175334955333242-prodava-mezonet-grad-sofiya-reduta,–ü–æ–≤–µ—á–µ –¥–µ—Ç–∞–π–ª–∏–∏ 15 —Å–Ω–∏–º–∫–∏,0888705192,–ò–ú–û–ò–ù–í–ï–°–¢-–õ–£–ö–° –ò–ú–û–¢–ò –û–û–î,//imoinvest.imot.bg,1,0,2569.44,https://www.imot.bg/obiavi/prodazhbi/grad-sofiya/mezonet?raioni=21~22~23~57~60~63~72~80~81~85~86~120~132~146~147~6101~,2026-01-25T19:31:25.047436
427 500 ‚Ç¨836 117.33 –ª–≤.,–ü—Ä–æ–¥–∞–≤–∞ –ú–ï–ó–û–ù–ï–¢,"–≥—Ä–∞–¥ –°–æ—Ñ–∏—è, –†–µ–¥—É—Ç–∞","171 –∫–≤.–º, 5-—Ç–∏ –µ—Ç. –æ—Ç 5, –í—ä–≤–µ–¥–µ–Ω –≤ –µ–∫—Å–ø–ª–æ–∞—Ç–∞—Ü–∏—è, –û—Ñ–µ—Ä—Ç–∞ 2905 üè° –ê—Ä–∞ –ï—Å—Ç–µ–π—Ç –ø—Ä–µ–¥–ª–∞–≥–∞ –∑–∞ –ø—Ä–æ–¥–∞–∂–±–∞ –ø—Ä–æ—Å—Ç–æ—Ä–µ–Ω –º–Ω–æ–≥–æ—Å—Ç–∞–µ–Ω –º–µ–∑–æ–Ω–µ—Ç –≤ –µ–¥–∏–Ω –æ—Ç –Ω–∞–π-—Ç–∏—Ö ..., —Ç–µ–ª.: 0885772442","171 –∫–≤.–º, 5-—Ç–∏ –µ—Ç. –æ—Ç 5, –í—ä–≤–µ–¥–µ–Ω –≤ –µ–∫—Å–ø–ª–æ–∞—Ç–∞—Ü–∏—è, –û—Ñ–µ—Ä—Ç–∞ 2905 üè° –ê—Ä–∞ –ï—Å—Ç–µ–π—Ç –ø—Ä–µ–¥–ª–∞–≥–∞ –∑–∞ –ø—Ä–æ–¥–∞–∂–±–∞ –ø—Ä–æ—Å—Ç–æ—Ä–µ–Ω –º–Ω–æ–≥–æ—Å—Ç–∞–µ–Ω –º–µ–∑–æ–Ω–µ—Ç –≤ –µ–¥–∏–Ω –æ—Ç –Ω–∞–π-—Ç–∏—Ö ..., —Ç–µ–ª.: 0885772442",//www.imot.bg/obiava-1f176010030088712-prodava-mezonet-grad-sofiya-reduta,–ü–æ–≤–µ—á–µ –¥–µ—Ç–∞–π–ª–∏–∏ 15 —Å–Ω–∏–º–∫–∏,0885772442,–ê–†–ê –ï–°–¢–ï–ô–¢,//domikandk.imot.bg,1,0,2500.0,https://www.imot.bg/obiavi/prodazhbi/grad-sofiya/mezonet?raioni=21~22~23~57~60~63~72~80~81~85~86~120~132~146~147~6101~,2026-01-25T19:31:25.048411
465 000 ‚Ç¨909 460.95 –ª–≤.,–ü—Ä–æ–¥–∞–≤–∞ –ú–ï–ó–û–ù–ï–¢,"–≥—Ä–∞–¥ –°–æ—Ñ–∏—è, –°—Ç—Ä–µ–ª–±–∏—â–µ","183 –∫–≤.–º, –í—ä–≤–µ–¥–µ–Ω –≤ –µ–∫—Å–ø–ª–æ–∞—Ç–∞—Ü–∏—è, '–ü—ä—Ä–≤–∞ –ò–Ω–≤–µ—Å—Ç–∏—Ü–∏–æ–Ω–Ω–∞ –ë–∞–Ω–∫–∞' –ê–î –ø—Ä–µ–¥–ª–∞–≥–∞ –∑–∞ –ø—Ä–æ–¥–∞–∂–±–∞: –ú–µ–∑–æ–Ω–µ—Ç  –ê–¥—Ä–µ—Å: –≥—Ä. –°–æ—Ñ–∏—è, –∂.–∫. –°—Ç—Ä–µ–ª–±–∏—â–µ, —É–ª.  ..., —Ç–µ–ª.: 028002182","183 –∫–≤.–º, –í—ä–≤–µ–¥–µ–Ω –≤ –µ–∫—Å–ø–ª–æ–∞—Ç–∞—Ü–∏—è, '–ü—ä—Ä–≤–∞ –ò–Ω–≤–µ—Å—Ç–∏—Ü–∏–æ–Ω–Ω–∞ –ë–∞–Ω–∫–∞' –ê–î –ø—Ä–µ–¥–ª–∞–≥–∞ –∑–∞ –ø—Ä–æ–¥–∞–∂–±–∞: –ú–µ–∑–æ–Ω–µ—Ç  –ê–¥—Ä–µ—Å: –≥—Ä. –°–æ—Ñ–∏—è, –∂.–∫. –°—Ç—Ä–µ–ª–±–∏—â–µ, —É–ª.  ..., —Ç–µ–ª.: 028002182",//www.imot.bg/obiava-1f176172802393960-prodava-mezonet-grad-sofiya-strelbishte,–ü–æ–≤–µ—á–µ –¥–µ—Ç–∞–π–ª–∏–∏ 17 —Å–Ω–∏–º–∫–∏,028002182,–ü–ò–ë –ê–î,//fibank37.imot.bg,1,0,2540.98,https://www.imot.bg/obiavi/prodazhbi/grad-sofiya/mezonet?raioni=21~22~23~57~60~63~72~80~81~85~86~120~132~146~147~6101~,2026-01-25T19:31:25.049368
1 104 425 ‚Ç¨2 160 067.55 –ª–≤.,–ü—Ä–æ–¥–∞–≤–∞ –ú–ï–ó–û–ù–ï–¢,"–≥—Ä–∞–¥ –°–æ—Ñ–∏—è, –°—Ç—Ä–µ–ª–±–∏—â–µ","316 –∫–≤.–º, 8-–º–∏ –µ—Ç. –æ—Ç 8, –ë–∏–ª–¥–∏–Ω–≥ –ë–æ–∫—Å –ø—Ä–µ–¥–ª–∞–≥–∞ –∑–∞ –ø—Ä–æ–¥–∞–∂–±–∞ –º–Ω–æ–≥–æ—Å—Ç–∞–µ–Ω –º–µ–∑–æ–Ω–µ—Ç –Ω–∞—Ö–æ–¥—è—â —Å–µ –Ω–∞ 7-–º–∏ –∏ 8-–º–∏ –Ω–∞–¥–ø–∞—Ä—Ç–µ—Ä–Ω–∏ –µ—Ç–∞–∂–∏ –≤ –∫ ..., —Ç–µ–ª.: 0879900994","316 –∫–≤.–º, 8-–º–∏ –µ—Ç. –æ—Ç 8, –ë–∏–ª–¥–∏–Ω–≥ –ë–æ–∫—Å –ø—Ä–µ–¥–ª–∞–≥–∞ –∑–∞ –ø—Ä–æ–¥–∞–∂–±–∞ –º–Ω–æ–≥–æ—Å—Ç–∞–µ–Ω –º–µ–∑–æ–Ω–µ—Ç –Ω–∞—Ö–æ–¥—è—â —Å–µ –Ω–∞ 7-–º–∏ –∏ 8-–º–∏ –Ω–∞–¥–ø–∞—Ä—Ç–µ—Ä–Ω–∏ –µ—Ç–∞–∂–∏ –≤ –∫ ..., —Ç–µ–ª.: 0879900994",//www.imot.bg/obiava-1f174040493089200-prodava-mezonet-grad-sofiya-strelbishte,–ü–æ–≤–µ—á–µ –¥–µ—Ç–∞–π–ª–∏–∏ 3 —Å–Ω–∏–º–∫–∏,0879900994,–ë–ò–õ–î–ò–ù–ì –ë–û–ö–°,//buildingbox.imot.bg,1,0,3495.02,https://www.imot.bg/obiavi/prodazhbi/grad-sofiya/mezonet?raioni=21~22~23~57~60~63~72~80~81~85~86~120~132~146~147~6101~,2026-01-25T19:31:25.050326
1 254 000 ‚Ç¨2 452 610.82 –ª–≤.,–ü—Ä–æ–¥–∞–≤–∞ –ú–ï–ó–û–ù–ï–¢,"–≥—Ä–∞–¥ –°–æ—Ñ–∏—è, –°—Ç—Ä–µ–ª–±–∏—â–µ","380 –∫–≤.–º, —É–ª. –ù–∏—à–∞–≤–∞, 8-–º–∏ –µ—Ç. –æ—Ç 8, –¢–ï–¶, –©–µ –±—ä–¥–µ –≤—ä–≤–µ–¥–µ–Ω –≤ –µ–∫—Å–ø–ª–æ–∞—Ç–∞—Ü–∏—è 2025 –≥., –ù–û–í–û–°–¢–†–û–Ø–©–ê –°–ï –õ–£–ö–°–û–ó–ù–ê –ñ–ò–õ–ò–©–ù–ê –°–ì–†–ê–î–ê –Ω–∞ —É–ª. –ù–∏—à–∞–≤–∞ –≤ –∫–≤.–°—Ç—Ä–µ–ª–±–∏—â–µ. –ú–Ω–æ–≥–æ –∑–µ–ª–µ–Ω, –ø—Ä–∏—è—Ç–µ–Ω –∏ –¥–æ–±—Ä–µ —É—Ä ..., —Ç–µ–ª.: 0887219224","380 –∫–≤.–º, —É–ª. –ù–∏—à–∞–≤–∞, 8-–º–∏ –µ—Ç. –æ—Ç 8, –¢–ï–¶, –©–µ –±—ä–¥–µ –≤—ä–≤–µ–¥–µ–Ω –≤ –µ–∫—Å–ø–ª–æ–∞—Ç–∞—Ü–∏—è 2025 –≥., –ù–û–í–û–°–¢–†–û–Ø–©–ê –°–ï –õ–£–ö–°–û–ó–ù–ê –ñ–ò–õ–ò–©–ù–ê –°–ì–†–ê–î–ê –Ω–∞ —É–ª. –ù–∏—à–∞–≤–∞ –≤ –∫–≤.–°—Ç—Ä–µ–ª–±–∏—â–µ. –ú–Ω–æ–≥–æ –∑–µ–ª–µ–Ω, –ø—Ä–∏—è—Ç–µ–Ω –∏ –¥–æ–±—Ä–µ —É—Ä ..., —Ç–µ–ª.: 0887219224",//www.imot.bg/obiava-1f173045833058452-prodava-mezonet-grad-sofiya-strelbishte-ul-nishava,–ü–æ–≤–µ—á–µ –¥–µ—Ç–∞–π–ª–∏–∏ 11 —Å–Ω–∏–º–∫–∏,0887219224,–î–ñ–ï–ô –ò –î–ñ–ï–ô –ö–û–†–ü–û–†–ï–ô–®–™–ù –û–û–î,//jjcorporation.imot.bg,1,0,3300.0,https://www.imot.bg/obiavi/prodazhbi/grad-sofiya/mezonet?raioni=21~22~23~57~60~63~72~80~81~85~86~120~132~146~147~6101~,2026-01-25T19:31:25.051281
299 750 ‚Ç¨586 260.04 –ª–≤.,–ü—Ä–æ–¥–∞–≤–∞ –ú–ï–ó–û–ù–ï–¢,"–≥—Ä–∞–¥ –°–æ—Ñ–∏—è, –•–ª–∞–¥–∏–ª–Ω–∏–∫–∞","120 –∫–≤.–º, 5-—Ç–∏ –µ—Ç. –æ—Ç 6, –¢–ï–¶, –í—ä–≤–µ–¥–µ–Ω –≤ –µ–∫—Å–ø–ª–æ–∞—Ç–∞—Ü–∏—è 1997 –≥., –ü–ï–†–§–ï–ö–¢–ù–ê –õ–û–ö–ê–¶–ò–Ø! –ü–†–ï–ö–†–ê–°–ù–ê –ü–ê–ù–û–†–ê–ú–ù–ê –ì–õ–ï–î–ö–ê.–Æ–ñ–ï–ù –ü–ê–†–ö, –ú–û–õ –ü–ê–†–ê–î–ê–ô–°, –º–µ—Ç—Ä–æ—Å—Ç–∞–Ω—Ü–∏—è –í–ò–¢–û–®–ê,–°–ü–ò–†–ö–ò –Ω–∞ ..., —Ç–µ–ª.: 0895539823","120 –∫–≤.–º, 5-—Ç–∏ –µ—Ç. –æ—Ç 6, –¢–ï–¶, –í—ä–≤–µ–¥–µ–Ω –≤ –µ–∫—Å–ø–ª–æ–∞—Ç–∞—Ü–∏—è 1997 –≥., –ü–ï–†–§–ï–ö–¢–ù–ê –õ–û–ö–ê–¶–ò–Ø! –ü–†–ï–ö–†–ê–°–ù–ê –ü–ê–ù–û–†–ê–ú–ù–ê –ì–õ–ï–î–ö–ê.–Æ–ñ–ï–ù –ü–ê–†–ö, –ú–û–õ –ü–ê–†–ê–î–ê–ô–°, –º–µ—Ç—Ä–æ—Å—Ç–∞–Ω—Ü–∏—è –í–ò–¢–û–®–ê,–°–ü–ò–†–ö–ò –Ω–∞ ..., —Ç–µ–ª.: 0895539823",//www.imot.bg/obiava-1f175932613982615-prodava-mezonet-grad-sofiya-hladilnika,–ü–æ–≤–µ—á–µ –¥–µ—Ç–∞–π–ª–∏–∏ 17 —Å–Ω–∏–º–∫–∏,0895539823,–ê–í–ò–°–¢–ê –ë–ê–õ–ö–ê–ù,//avista_balkan.imot.bg,1,0,2497.92,https://www.imot.bg/obiavi/prodazhbi/grad-sofiya/mezonet?raioni=21~22~23~57~60~63~72~80~81~85~86~120~132~146~147~6101~,2026-01-25T19:31:25.052247
400 000 ‚Ç¨782 332.00 –ª–≤.,–ü—Ä–æ–¥–∞–≤–∞ –ú–ï–ó–û–ù–ï–¢,"–≥—Ä–∞–¥ –°–æ—Ñ–∏—è, –•–ª–∞–¥–∏–ª–Ω–∏–∫–∞","156 –∫–≤.–º, 1-–≤–∏ –µ—Ç. –æ—Ç 4, –ì–∞–∑, –õ–æ–∫.–æ—Ç–æ–ø–ª., –ú–Ω–æ–≥–æ—Å—Ç–∞–µ–Ω –º–µ–∑–æ–Ω–µ—Ç –≤ –º–∞–ª–∫–∞ —Ç—É—Ö–ª–µ–Ω–∞ —Å–≥—Ä–∞–¥–∞ –æ—Ç 2006–≥.  –ò–º–æ—Ç—ä—Ç –∏–º–∞ —Å–ª–µ–¥–Ω–æ—Ç–æ —Ä–∞–∑–ø—Ä–µ–¥–µ–ª–µ–Ω–∏–µ:  1 –Ω–∏–≤–æ: –¥–Ω–µ ..., —Ç–µ–ª.: 0898414272","156 –∫–≤.–º, 1-–≤–∏ –µ—Ç. –æ—Ç 4, –ì–∞–∑, –õ–æ–∫.–æ—Ç–æ–ø–ª., –ú–Ω–æ–≥–æ—Å—Ç–∞–µ–Ω –º–µ–∑–æ–Ω–µ—Ç –≤ –º–∞–ª–∫–∞ —Ç—É—Ö–ª–µ–Ω–∞ —Å–≥—Ä–∞–¥–∞ –æ—Ç 2006–≥.  –ò–º–æ—Ç—ä—Ç –∏–º–∞ —Å–ª–µ–¥–Ω–æ—Ç–æ —Ä–∞–∑–ø—Ä–µ–¥–µ–ª–µ–Ω–∏–µ:  1 –Ω–∏–≤–æ: –¥–Ω–µ ..., —Ç–µ–ª.: 0898414272",//www.imot.bg/obiava-1f173096879052499-prodava-mezonet-grad-sofiya-hladilnika,–ü–æ–≤–µ—á–µ –¥–µ—Ç–∞–π–ª–∏,0898414272,–ï–ö–û–õ–ò–¢ –ò–ú–û–¢–ò,//ekolit.imot.bg,1,0,2564.1,https://www.imot.bg/obiavi/prodazhbi/grad-sofiya/mezonet?raioni=21~22~23~57~60~63~72~80~81~85~86~120~132~146~147~6101~,2026-01-25T19:31:25.053196
480 000 ‚Ç¨938 798.40 –ª–≤.,–ü—Ä–æ–¥–∞–≤–∞ –ú–ï–ó–û–ù–ï–¢,"–≥—Ä–∞–¥ –°–æ—Ñ–∏—è, –•–ª–∞–¥–∏–ª–Ω–∏–∫–∞","185 –∫–≤.–º, 6-—Ç–∏ –µ—Ç. –æ—Ç 7, –¢–ï–¶, –í—ä–≤–µ–¥–µ–Ω –≤ –µ–∫—Å–ø–ª–æ–∞—Ç–∞—Ü–∏—è, –î–æ –¥–≤–∞ –ø–∞—Ä–∫–∞ –∏ –º–µ—Ç—Ä–æ—Å—Ç–∞–Ω—Ü–∏—è. –£–Ω–∏–∫–∞–ª–Ω–∏ –≥–ª–µ–¥–∫–∏ –∫—ä–º –ø–∞—Ä–∫–∞ –∏ –í–∏—Ç–æ—à–∞. –û–≥—Ä–æ–º–Ω–∏ —Å—Ç–∞–∏. –ì–∞—Ä–∞–∂. –ü—Ä–µ–¥—Å—Ç–∞–≤—è–º–µ –í–∏ ..., —Ç–µ–ª.: 0876550105","185 –∫–≤.–º, 6-—Ç–∏ –µ—Ç. –æ—Ç 7, –¢–ï–¶, –í—ä–≤–µ–¥–µ–Ω –≤ –µ–∫—Å–ø–ª–æ–∞—Ç–∞—Ü–∏—è, –î–æ –¥–≤–∞ –ø–∞—Ä–∫–∞ –∏ –º–µ—Ç—Ä–æ—Å—Ç–∞–Ω—Ü–∏—è. –£–Ω–∏–∫–∞–ª–Ω–∏ –≥–ª–µ–¥–∫–∏ –∫—ä–º –ø–∞—Ä–∫–∞ –∏ –í–∏—Ç–æ—à–∞. –û–≥—Ä–æ–º–Ω–∏ —Å—Ç–∞–∏. –ì–∞—Ä–∞–∂. –ü—Ä–µ–¥—Å—Ç–∞–≤—è–º–µ –í–∏ ..., —Ç–µ–ª.: 0876550105",//www.imot.bg/obiava-1f176416274275221-prodava-mezonet-grad-sofiya-hladilnika,–ü–æ–≤–µ—á–µ –¥–µ—Ç–∞–π–ª–∏–∏ 16 —Å–Ω–∏–º–∫–∏,0876550105,–ê–ù–¢–†–ï,//antre.imot.bg,1,0,2594.59,https://www.imot.bg/obiavi/prodazhbi/grad-sofiya/mezonet?raioni=21~22~23~57~60~63~72~80~81~85~86~120~132~146~147~6101~,2026-01-25T19:31:25.054143
600 000 ‚Ç¨1 173 498.00 –ª–≤.,–ü—Ä–æ–¥–∞–≤–∞ –ú–ï–ó–û–ù–ï–¢,"–≥—Ä–∞–¥ –°–æ—Ñ–∏—è, –•–ª–∞–¥–∏–ª–Ω–∏–∫–∞","210 –∫–≤.–º, –±—É–ª. –ß–µ—Ä–Ω–∏ –≤—Ä—ä—Ö, 6-—Ç–∏ –µ—Ç. –æ—Ç 7, –í—ä–≤–µ–¥–µ–Ω –≤ –µ–∫—Å–ø–ª–æ–∞—Ç–∞—Ü–∏—è, –ê–ö–¢ 16!!! –ê–≥–µ–Ω—Ü–∏—è –ê–≤–∏–∑–æ –ø—Ä–æ–¥–∞–≤–∞ –∞–ø–∞—Ä—Ç–∞–º–µ–Ω—Ç –≤ –∏–º–∏–¥–∂–æ–≤–∞ –∂–∏–ª–∏—â–Ω–∞ —Å–≥—Ä–∞–¥–∞ –Ω–∞ –¢–û–ü –ª–æ–∫–∞—Ü–∏—è, –Ω–∞–º–∏—Ä–∞—â–∞ —Å–µ –Ω–∞  ..., —Ç–µ–ª.: 0886 22 57 55","210 –∫–≤.–º, –±—É–ª. –ß–µ—Ä–Ω–∏ –≤—Ä—ä—Ö, 6-—Ç–∏ –µ—Ç. –æ—Ç 7, –í—ä–≤–µ–¥–µ–Ω –≤ –µ–∫—Å–ø–ª–æ–∞—Ç–∞—Ü–∏—è, –ê–ö–¢ 16!!! –ê–≥–µ–Ω—Ü–∏—è –ê–≤–∏–∑–æ –ø—Ä–æ–¥–∞–≤–∞ –∞–ø–∞—Ä—Ç–∞–º–µ–Ω—Ç –≤ –∏–º–∏–¥–∂–æ–≤–∞ –∂–∏–ª–∏—â–Ω–∞ —Å–≥—Ä–∞–¥–∞ –Ω–∞ –¢–û–ü –ª–æ–∫–∞—Ü–∏—è, –Ω–∞–º–∏—Ä–∞—â–∞ —Å–µ –Ω–∞  ..., —Ç–µ–ª.: 0886 22 57 55",//www.imot.bg/obiava-1f176156239638394-prodava-mezonet-grad-sofiya-hladilnika-bul-cherni-vrah,–ü–æ–≤–µ—á–µ –¥–µ—Ç–∞–π–ª–∏–∏ 10 —Å–Ω–∏–º–∫–∏,0886 22 57 55,–ê–í–ò–ó–û –ü–†–û–ü–™–†–¢–ò–°,//avizo.imot.bg,1,0,2857.14,https://www.imot.bg/obiavi/prodazhbi/grad-sofiya/mezonet?raioni=21~22~23~57~60~63~72~80~81~85~86~120~132~146~147~6101~,2026-01-25T19:31:25.055098
,"–ë—É—Ä—è—Ç–∞ –≤ –°–ê–© –æ—Å—Ç–∞–≤–∏ –Ω–∞–¥ 800 —Ö–∏–ª—è–¥–∏ –±–µ–∑ —Ç–æ–∫, –ø–æ–≤–µ—á–µ –æ—Ç 10 —Ö–∏–ª—è–¥–∏ –ø–æ–ª–µ—Ç–∞ —Å–∞ –æ—Ç–º–µ–Ω–µ–Ω–∏",,–ø—Ä–µ–¥–∏ —á–∞—Å  –∏ 53 –º–∏–Ω—É—Ç–∏,–ø—Ä–µ–¥–∏ —á–∞—Å  –∏ 53 –º–∏–Ω—É—Ç–∏,https://fakti.bg/world/1029898-burata-v-sasht-ostavi-nad-800-hiladi-bez-tok-poveche-ot-10-hiladi-poleta-sa-otmeneni,,,,,,0,,https://www.imot.bg/obiavi/prodazhbi/grad-sofiya/mezonet?raioni=21~22~23~57~60~63~72~80~81~85~86~120~132~146~147~6101~,2026-01-25T19:31:25.055711
